id;name;geoname;value;datetime
1293;Demanda real;Península;35683;2026-07-03T21:00:00+02:00
1293;Demanda real;Península;35619;2026-07-03T21:05:00+02:00
1293;Demanda real;Península;35439;2026-07-03T21:10:00+02:00
1293;Demanda real;Península;35228;2026-07-03T21:15:00+02:00
1293;Demanda real;Península;35089;2026-07-03T21:20:00+02:00
1293;Demanda real;Península;34741;2026-07-03T21:25:00+02:00
1293;Demanda real;Península;34649;2026-07-03T21:30:00+02:00
1293;Demanda real;Península;34766;2026-07-03T21:35:00+02:00
1293;Demanda real;Península;34251;2026-07-03T21:40:00+02:00
1293;Demanda real;Península;34344;2026-07-03T21:45:00+02:00
1293;Demanda real;Península;34213;2026-07-03T21:50:00+02:00
1293;Demanda real;Península;34267;2026-07-03T21:55:00+02:00
1293;Demanda real;Península;33968;2026-07-03T22:00:00+02:00
1293;Demanda real;Península;33894;2026-07-03T22:05:00+02:00
1293;Demanda real;Península;33751;2026-07-03T22:10:00+02:00
1293;Demanda real;Península;33552;2026-07-03T22:15:00+02:00
1293;Demanda real;Península;33563;2026-07-03T22:20:00+02:00
1293;Demanda real;Península;33105;2026-07-03T22:25:00+02:00
1293;Demanda real;Península;33111;2026-07-03T22:30:00+02:00
1293;Demanda real;Península;32777;2026-07-03T22:35:00+02:00
1293;Demanda real;Península;32638;2026-07-03T22:40:00+02:00
1293;Demanda real;Península;32582;2026-07-03T22:45:00+02:00
1293;Demanda real;Península;32219;2026-07-03T22:50:00+02:00
1293;Demanda real;Península;32173;2026-07-03T22:55:00+02:00
1293;Demanda real;Península;31783;2026-07-03T23:00:00+02:00
1293;Demanda real;Península;31666;2026-07-03T23:05:00+02:00
1293;Demanda real;Península;31484;2026-07-03T23:10:00+02:00
1293;Demanda real;Península;31415;2026-07-03T23:15:00+02:00
1293;Demanda real;Península;31099;2026-07-03T23:20:00+02:00
1293;Demanda real;Península;30965;2026-07-03T23:25:00+02:00
1293;Demanda real;Península;30925;2026-07-03T23:30:00+02:00
1293;Demanda real;Península;30652;2026-07-03T23:35:00+02:00
1293;Demanda real;Península;30475;2026-07-03T23:40:00+02:00
1293;Demanda real;Península;30302;2026-07-03T23:45:00+02:00
1293;Demanda real;Península;30161;2026-07-03T23:50:00+02:00
1293;Demanda real;Península;30052;2026-07-03T23:55:00+02:00
1293;Demanda real;Península;29769;2026-07-04T00:00:00+02:00
1293;Demanda real;Península;29956;2026-07-04T00:05:00+02:00
1293;Demanda real;Península;29901;2026-07-04T00:10:00+02:00
1293;Demanda real;Península;29869;2026-07-04T00:15:00+02:00
1293;Demanda real;Península;29892;2026-07-04T00:20:00+02:00
1293;Demanda real;Península;29909;2026-07-04T00:25:00+02:00
1293;Demanda real;Península;29576;2026-07-04T00:30:00+02:00
1293;Demanda real;Península;29217;2026-07-04T00:35:00+02:00
1293;Demanda real;Península;29137;2026-07-04T00:40:00+02:00
1293;Demanda real;Península;29166;2026-07-04T00:45:00+02:00
1293;Demanda real;Península;29139;2026-07-04T00:50:00+02:00
1293;Demanda real;Península;28754;2026-07-04T00:55:00+02:00
1293;Demanda real;Península;28623;2026-07-04T01:00:00+02:00
1293;Demanda real;Península;28464;2026-07-04T01:05:00+02:00
1293;Demanda real;Península;28276;2026-07-04T01:10:00+02:00
1293;Demanda real;Península;28129;2026-07-04T01:15:00+02:00
1293;Demanda real;Península;28067;2026-07-04T01:20:00+02:00
1293;Demanda real;Península;27942;2026-07-04T01:25:00+02:00
1293;Demanda real;Península;27773;2026-07-04T01:30:00+02:00
1293;Demanda real;Península;27698;2026-07-04T01:35:00+02:00
1293;Demanda real;Península;27593;2026-07-04T01:40:00+02:00
1293;Demanda real;Península;27397;2026-07-04T01:45:00+02:00
1293;Demanda real;Península;27288;2026-07-04T01:50:00+02:00
1293;Demanda real;Península;27113;2026-07-04T01:55:00+02:00
1293;Demanda real;Península;27039;2026-07-04T02:00:00+02:00
1293;Demanda real;Península;26829;2026-07-04T02:05:00+02:00
1293;Demanda real;Península;26700;2026-07-04T02:10:00+02:00
1293;Demanda real;Península;26798;2026-07-04T02:15:00+02:00
1293;Demanda real;Península;26721;2026-07-04T02:20:00+02:00
1293;Demanda real;Península;26668;2026-07-04T02:25:00+02:00
1293;Demanda real;Península;26521;2026-07-04T02:30:00+02:00
1293;Demanda real;Península;26472;2026-07-04T02:35:00+02:00
1293;Demanda real;Península;26403;2026-07-04T02:40:00+02:00
1293;Demanda real;Península;26273;2026-07-04T02:45:00+02:00
1293;Demanda real;Península;26206;2026-07-04T02:50:00+02:00
1293;Demanda real;Península;26051;2026-07-04T02:55:00+02:00
1293;Demanda real;Península;25870;2026-07-04T03:00:00+02:00
1293;Demanda real;Península;25844;2026-07-04T03:05:00+02:00
1293;Demanda real;Península;25646;2026-07-04T03:10:00+02:00
1293;Demanda real;Península;25686;2026-07-04T03:15:00+02:00
1293;Demanda real;Península;25575;2026-07-04T03:20:00+02:00
1293;Demanda real;Península;25435;2026-07-04T03:25:00+02:00
1293;Demanda real;Península;25414;2026-07-04T03:30:00+02:00
1293;Demanda real;Península;25251;2026-07-04T03:35:00+02:00
1293;Demanda real;Península;25137;2026-07-04T03:40:00+02:00
1293;Demanda real;Península;25045;2026-07-04T03:45:00+02:00
1293;Demanda real;Península;25025;2026-07-04T03:50:00+02:00
1293;Demanda real;Península;25081;2026-07-04T03:55:00+02:00
1293;Demanda real;Península;25000;2026-07-04T04:00:00+02:00
1293;Demanda real;Península;24868;2026-07-04T04:05:00+02:00
1293;Demanda real;Península;24929;2026-07-04T04:10:00+02:00
1293;Demanda real;Península;24877;2026-07-04T04:15:00+02:00
1293;Demanda real;Península;24819;2026-07-04T04:20:00+02:00
1293;Demanda real;Península;24672;2026-07-04T04:25:00+02:00
1293;Demanda real;Península;24646;2026-07-04T04:30:00+02:00
1293;Demanda real;Península;24636;2026-07-04T04:35:00+02:00
1293;Demanda real;Península;24584;2026-07-04T04:40:00+02:00
1293;Demanda real;Península;24513;2026-07-04T04:45:00+02:00
1293;Demanda real;Península;24371;2026-07-04T04:50:00+02:00
1293;Demanda real;Península;24522;2026-07-04T04:55:00+02:00
1293;Demanda real;Península;24225;2026-07-04T05:00:00+02:00
1293;Demanda real;Península;24295;2026-07-04T05:05:00+02:00
1293;Demanda real;Península;24333;2026-07-04T05:10:00+02:00
1293;Demanda real;Península;24319;2026-07-04T05:15:00+02:00
1293;Demanda real;Península;24308;2026-07-04T05:20:00+02:00
1293;Demanda real;Península;24195;2026-07-04T05:25:00+02:00
1293;Demanda real;Península;24116;2026-07-04T05:30:00+02:00
1293;Demanda real;Península;24271;2026-07-04T05:35:00+02:00
1293;Demanda real;Península;24208;2026-07-04T05:40:00+02:00
1293;Demanda real;Península;24262;2026-07-04T05:45:00+02:00
1293;Demanda real;Península;24141;2026-07-04T05:50:00+02:00
1293;Demanda real;Península;24052;2026-07-04T05:55:00+02:00
1293;Demanda real;Península;24094;2026-07-04T06:00:00+02:00
1293;Demanda real;Península;24436;2026-07-04T06:05:00+02:00
1293;Demanda real;Península;24421;2026-07-04T06:10:00+02:00
1293;Demanda real;Península;24526;2026-07-04T06:15:00+02:00
1293;Demanda real;Península;24593;2026-07-04T06:20:00+02:00
1293;Demanda real;Península;24516;2026-07-04T06:25:00+02:00
1293;Demanda real;Península;24486;2026-07-04T06:30:00+02:00
1293;Demanda real;Península;24540;2026-07-04T06:35:00+02:00
1293;Demanda real;Península;24355;2026-07-04T06:40:00+02:00
1293;Demanda real;Península;24305;2026-07-04T06:45:00+02:00
1293;Demanda real;Península;24293;2026-07-04T06:50:00+02:00
1293;Demanda real;Península;24163;2026-07-04T06:55:00+02:00
1293;Demanda real;Península;24085;2026-07-04T07:00:00+02:00
1293;Demanda real;Península;24234;2026-07-04T07:05:00+02:00
1293;Demanda real;Península;24512;2026-07-04T07:10:00+02:00
1293;Demanda real;Península;24669;2026-07-04T07:15:00+02:00
1293;Demanda real;Península;24722;2026-07-04T07:20:00+02:00
1293;Demanda real;Península;24680;2026-07-04T07:25:00+02:00
1293;Demanda real;Península;24987;2026-07-04T07:30:00+02:00
1293;Demanda real;Península;25244;2026-07-04T07:35:00+02:00
1293;Demanda real;Península;25337;2026-07-04T07:40:00+02:00
1293;Demanda real;Península;25509;2026-07-04T07:45:00+02:00
1293;Demanda real;Península;25553;2026-07-04T07:50:00+02:00
1293;Demanda real;Península;25631;2026-07-04T07:55:00+02:00
1293;Demanda real;Península;25998;2026-07-04T08:00:00+02:00
1293;Demanda real;Península;26208;2026-07-04T08:05:00+02:00
1293;Demanda real;Península;26745;2026-07-04T08:10:00+02:00
1293;Demanda real;Península;27159;2026-07-04T08:15:00+02:00
1293;Demanda real;Península;27071;2026-07-04T08:20:00+02:00
1293;Demanda real;Península;27520;2026-07-04T08:25:00+02:00
1293;Demanda real;Península;27510;2026-07-04T08:30:00+02:00
1293;Demanda real;Península;27667;2026-07-04T08:35:00+02:00
1293;Demanda real;Península;27873;2026-07-04T08:40:00+02:00
1293;Demanda real;Península;28560;2026-07-04T08:45:00+02:00
1293;Demanda real;Península;28599;2026-07-04T08:50:00+02:00
1293;Demanda real;Península;28817;2026-07-04T08:55:00+02:00
1293;Demanda real;Península;28946;2026-07-04T09:00:00+02:00
1293;Demanda real;Península;29402;2026-07-04T09:05:00+02:00
1293;Demanda real;Península;29765;2026-07-04T09:10:00+02:00
1293;Demanda real;Península;30085;2026-07-04T09:15:00+02:00
1293;Demanda real;Península;30384;2026-07-04T09:20:00+02:00
1293;Demanda real;Península;30347;2026-07-04T09:25:00+02:00
1293;Demanda real;Península;30835;2026-07-04T09:30:00+02:00
1293;Demanda real;Península;31012;2026-07-04T09:35:00+02:00
1293;Demanda real;Península;30972;2026-07-04T09:40:00+02:00
1293;Demanda real;Península;31090;2026-07-04T09:45:00+02:00
1293;Demanda real;Península;31171;2026-07-04T09:50:00+02:00
1293;Demanda real;Península;30979;2026-07-04T09:55:00+02:00
1293;Demanda real;Península;31392;2026-07-04T10:00:00+02:00
1293;Demanda real;Península;31761;2026-07-04T10:05:00+02:00
1293;Demanda real;Península;31803;2026-07-04T10:10:00+02:00
1293;Demanda real;Península;31815;2026-07-04T10:15:00+02:00
1293;Demanda real;Península;31874;2026-07-04T10:20:00+02:00
1293;Demanda real;Península;31746;2026-07-04T10:25:00+02:00
1293;Demanda real;Península;32175;2026-07-04T10:30:00+02:00
1293;Demanda real;Península;32356;2026-07-04T10:35:00+02:00
1293;Demanda real;Península;32334;2026-07-04T10:40:00+02:00
1293;Demanda real;Península;32197;2026-07-04T10:45:00+02:00
1293;Demanda real;Península;32043;2026-07-04T10:50:00+02:00
1293;Demanda real;Península;32425;2026-07-04T10:55:00+02:00
1293;Demanda real;Península;32174;2026-07-04T11:00:00+02:00
1293;Demanda real;Península;32471;2026-07-04T11:05:00+02:00
1293;Demanda real;Península;32313;2026-07-04T11:10:00+02:00
1293;Demanda real;Península;32511;2026-07-04T11:15:00+02:00
1293;Demanda real;Península;32618;2026-07-04T11:20:00+02:00
1293;Demanda real;Península;32533;2026-07-04T11:25:00+02:00
1293;Demanda real;Península;32441;2026-07-04T11:30:00+02:00
1293;Demanda real;Península;32719;2026-07-04T11:35:00+02:00
1293;Demanda real;Península;32529;2026-07-04T11:40:00+02:00
1293;Demanda real;Península;32627;2026-07-04T11:45:00+02:00
1293;Demanda real;Península;32757;2026-07-04T11:50:00+02:00
1293;Demanda real;Península;32773;2026-07-04T11:55:00+02:00
1293;Demanda real;Península;32859;2026-07-04T12:00:00+02:00
1293;Demanda real;Península;32933;2026-07-04T12:05:00+02:00
1293;Demanda real;Península;33034;2026-07-04T12:10:00+02:00
1293;Demanda real;Península;33166;2026-07-04T12:15:00+02:00
1293;Demanda real;Península;33008;2026-07-04T12:20:00+02:00
1293;Demanda real;Península;33020;2026-07-04T12:25:00+02:00
1293;Demanda real;Península;32807;2026-07-04T12:30:00+02:00
1293;Demanda real;Península;33314;2026-07-04T12:35:00+02:00
1293;Demanda real;Península;33159;2026-07-04T12:40:00+02:00
1293;Demanda real;Península;33303;2026-07-04T12:45:00+02:00
1293;Demanda real;Península;33517;2026-07-04T12:50:00+02:00
1293;Demanda real;Península;33649;2026-07-04T12:55:00+02:00
1293;Demanda real;Península;33660;2026-07-04T13:00:00+02:00
1293;Demanda real;Península;33831;2026-07-04T13:05:00+02:00
1293;Demanda real;Península;33710;2026-07-04T13:10:00+02:00
1293;Demanda real;Península;33799;2026-07-04T13:15:00+02:00
1293;Demanda real;Península;33803;2026-07-04T13:20:00+02:00
1293;Demanda real;Península;33956;2026-07-04T13:25:00+02:00
1293;Demanda real;Península;34116;2026-07-04T13:30:00+02:00
1293;Demanda real;Península;34137;2026-07-04T13:35:00+02:00
1293;Demanda real;Península;34192;2026-07-04T13:40:00+02:00
1293;Demanda real;Península;34264;2026-07-04T13:45:00+02:00
1293;Demanda real;Península;34228;2026-07-04T13:50:00+02:00
1293;Demanda real;Península;34142;2026-07-04T13:55:00+02:00
1293;Demanda real;Península;34121;2026-07-04T14:00:00+02:00
1293;Demanda real;Península;34318;2026-07-04T14:05:00+02:00
1293;Demanda real;Península;34346;2026-07-04T14:10:00+02:00
1293;Demanda real;Península;34188;2026-07-04T14:15:00+02:00
1293;Demanda real;Península;34488;2026-07-04T14:20:00+02:00
1293;Demanda real;Península;34446;2026-07-04T14:25:00+02:00
1293;Demanda real;Península;34365;2026-07-04T14:30:00+02:00
1293;Demanda real;Península;34322;2026-07-04T14:35:00+02:00
1293;Demanda real;Península;34460;2026-07-04T14:40:00+02:00
1293;Demanda real;Península;34236;2026-07-04T14:45:00+02:00
1293;Demanda real;Península;34250;2026-07-04T14:50:00+02:00
1293;Demanda real;Península;34319;2026-07-04T14:55:00+02:00
1293;Demanda real;Península;34002;2026-07-04T15:00:00+02:00
1293;Demanda real;Península;34081;2026-07-04T15:05:00+02:00
1293;Demanda real;Península;34137;2026-07-04T15:10:00+02:00
1293;Demanda real;Península;34004;2026-07-04T15:15:00+02:00
1293;Demanda real;Península;34015;2026-07-04T15:20:00+02:00
1293;Demanda real;Península;34024;2026-07-04T15:25:00+02:00
1293;Demanda real;Península;34003;2026-07-04T15:30:00+02:00
1293;Demanda real;Península;33895;2026-07-04T15:35:00+02:00
1293;Demanda real;Península;33778;2026-07-04T15:40:00+02:00
1293;Demanda real;Península;33871;2026-07-04T15:45:00+02:00
1293;Demanda real;Península;33913;2026-07-04T15:50:00+02:00
1293;Demanda real;Península;33888;2026-07-04T15:55:00+02:00
1293;Demanda real;Península;33894;2026-07-04T16:00:00+02:00
1293;Demanda real;Península;33689;2026-07-04T16:05:00+02:00
1293;Demanda real;Península;33686;2026-07-04T16:10:00+02:00
1293;Demanda real;Península;33756;2026-07-04T16:15:00+02:00
1293;Demanda real;Península;33916;2026-07-04T16:20:00+02:00
1293;Demanda real;Península;33879;2026-07-04T16:25:00+02:00
1293;Demanda real;Península;33636;2026-07-04T16:30:00+02:00
1293;Demanda real;Península;33778;2026-07-04T16:35:00+02:00
1293;Demanda real;Península;33699;2026-07-04T16:40:00+02:00
1293;Demanda real;Península;33873;2026-07-04T16:45:00+02:00
1293;Demanda real;Península;33742;2026-07-04T16:50:00+02:00
1293;Demanda real;Península;33782;2026-07-04T16:55:00+02:00
1293;Demanda real;Península;33702;2026-07-04T17:00:00+02:00
1293;Demanda real;Península;33556;2026-07-04T17:05:00+02:00
1293;Demanda real;Península;33859;2026-07-04T17:10:00+02:00
1293;Demanda real;Península;33778;2026-07-04T17:15:00+02:00
1293;Demanda real;Península;33865;2026-07-04T17:20:00+02:00
1293;Demanda real;Península;33676;2026-07-04T17:25:00+02:00
1293;Demanda real;Península;33880;2026-07-04T17:30:00+02:00
1293;Demanda real;Península;33799;2026-07-04T17:35:00+02:00
1293;Demanda real;Península;33817;2026-07-04T17:40:00+02:00
1293;Demanda real;Península;33919;2026-07-04T17:45:00+02:00
1293;Demanda real;Península;33845;2026-07-04T17:50:00+02:00
1293;Demanda real;Península;34047;2026-07-04T17:55:00+02:00
1293;Demanda real;Península;34177;2026-07-04T18:00:00+02:00
1293;Demanda real;Península;34204;2026-07-04T18:05:00+02:00
1293;Demanda real;Península;34355;2026-07-04T18:10:00+02:00
1293;Demanda real;Península;34483;2026-07-04T18:15:00+02:00
1293;Demanda real;Península;34683;2026-07-04T18:20:00+02:00
1293;Demanda real;Península;34718;2026-07-04T18:25:00+02:00
1293;Demanda real;Península;34660;2026-07-04T18:30:00+02:00
1293;Demanda real;Península;34991;2026-07-04T18:35:00+02:00
1293;Demanda real;Península;34952;2026-07-04T18:40:00+02:00
1293;Demanda real;Península;34765;2026-07-04T18:45:00+02:00
1293;Demanda real;Península;34766;2026-07-04T18:50:00+02:00
1293;Demanda real;Península;34951;2026-07-04T18:55:00+02:00
1293;Demanda real;Península;35188;2026-07-04T19:00:00+02:00
1293;Demanda real;Península;35086;2026-07-04T19:05:00+02:00
1293;Demanda real;Península;35156;2026-07-04T19:10:00+02:00
1293;Demanda real;Península;35487;2026-07-04T19:15:00+02:00
1293;Demanda real;Península;35238;2026-07-04T19:20:00+02:00
1293;Demanda real;Península;35269;2026-07-04T19:25:00+02:00
1293;Demanda real;Península;35363;2026-07-04T19:30:00+02:00
1293;Demanda real;Península;35349;2026-07-04T19:35:00+02:00
1293;Demanda real;Península;35224;2026-07-04T19:40:00+02:00
1293;Demanda real;Península;35439;2026-07-04T19:45:00+02:00
1293;Demanda real;Península;35085;2026-07-04T19:50:00+02:00
1293;Demanda real;Península;34979;2026-07-04T19:55:00+02:00
544;Demanda prevista;Península;36118;2026-07-03T21:00:00+02:00
544;Demanda prevista;Península;35885;2026-07-03T21:05:00+02:00
544;Demanda prevista;Península;35687;2026-07-03T21:10:00+02:00
544;Demanda prevista;Península;35524;2026-07-03T21:15:00+02:00
544;Demanda prevista;Península;35381;2026-07-03T21:20:00+02:00
544;Demanda prevista;Península;35241;2026-07-03T21:25:00+02:00
544;Demanda prevista;Península;35102;2026-07-03T21:30:00+02:00
544;Demanda prevista;Península;34971;2026-07-03T21:35:00+02:00
544;Demanda prevista;Península;34851;2026-07-03T21:40:00+02:00
544;Demanda prevista;Península;34741;2026-07-03T21:45:00+02:00
544;Demanda prevista;Península;34630;2026-07-03T21:50:00+02:00
544;Demanda prevista;Península;34506;2026-07-03T21:55:00+02:00
544;Demanda prevista;Península;34368;2026-07-03T22:00:00+02:00
544;Demanda prevista;Península;34225;2026-07-03T22:05:00+02:00
544;Demanda prevista;Península;34087;2026-07-03T22:10:00+02:00
544;Demanda prevista;Península;33955;2026-07-03T22:15:00+02:00
544;Demanda prevista;Península;33818;2026-07-03T22:20:00+02:00
544;Demanda prevista;Península;33669;2026-07-03T22:25:00+02:00
544;Demanda prevista;Península;33508;2026-07-03T22:30:00+02:00
544;Demanda prevista;Península;33342;2026-07-03T22:35:00+02:00
544;Demanda prevista;Península;33178;2026-07-03T22:40:00+02:00
544;Demanda prevista;Península;33015;2026-07-03T22:45:00+02:00
544;Demanda prevista;Península;32841;2026-07-03T22:50:00+02:00
544;Demanda prevista;Península;32642;2026-07-03T22:55:00+02:00
544;Demanda prevista;Península;32419;2026-07-03T23:00:00+02:00
544;Demanda prevista;Península;32199;2026-07-03T23:05:00+02:00
544;Demanda prevista;Península;32009;2026-07-03T23:10:00+02:00
544;Demanda prevista;Península;31849;2026-07-03T23:15:00+02:00
544;Demanda prevista;Península;31700;2026-07-03T23:20:00+02:00
544;Demanda prevista;Península;31540;2026-07-03T23:25:00+02:00
544;Demanda prevista;Península;31371;2026-07-03T23:30:00+02:00
544;Demanda prevista;Península;31204;2026-07-03T23:35:00+02:00
544;Demanda prevista;Península;31052;2026-07-03T23:40:00+02:00
544;Demanda prevista;Península;30914;2026-07-03T23:45:00+02:00
544;Demanda prevista;Península;30763;2026-07-03T23:50:00+02:00
544;Demanda prevista;Península;30571;2026-07-03T23:55:00+02:00
544;Demanda prevista;Península;30337;2026-07-04T00:00:00+02:00
544;Demanda prevista;Península;30104;2026-07-04T00:05:00+02:00
544;Demanda prevista;Península;29915;2026-07-04T00:10:00+02:00
544;Demanda prevista;Península;29771;2026-07-04T00:15:00+02:00
544;Demanda prevista;Península;29643;2026-07-04T00:20:00+02:00
544;Demanda prevista;Península;29504;2026-07-04T00:25:00+02:00
544;Demanda prevista;Península;29354;2026-07-04T00:30:00+02:00
544;Demanda prevista;Península;29204;2026-07-04T00:35:00+02:00
544;Demanda prevista;Península;29064;2026-07-04T00:40:00+02:00
544;Demanda prevista;Península;28933;2026-07-04T00:45:00+02:00
544;Demanda prevista;Península;28797;2026-07-04T00:50:00+02:00
544;Demanda prevista;Península;28643;2026-07-04T00:55:00+02:00
544;Demanda prevista;Península;28470;2026-07-04T01:00:00+02:00
544;Demanda prevista;Península;28299;2026-07-04T01:05:00+02:00
544;Demanda prevista;Península;28152;2026-07-04T01:10:00+02:00
544;Demanda prevista;Península;28028;2026-07-04T01:15:00+02:00
544;Demanda prevista;Península;27913;2026-07-04T01:20:00+02:00
544;Demanda prevista;Península;27791;2026-07-04T01:25:00+02:00
544;Demanda prevista;Península;27663;2026-07-04T01:30:00+02:00
544;Demanda prevista;Península;27529;2026-07-04T01:35:00+02:00
544;Demanda prevista;Península;27392;2026-07-04T01:40:00+02:00
544;Demanda prevista;Península;27250;2026-07-04T01:45:00+02:00
544;Demanda prevista;Península;27117;2026-07-04T01:50:00+02:00
544;Demanda prevista;Península;27007;2026-07-04T01:55:00+02:00
544;Demanda prevista;Península;26920;2026-07-04T02:00:00+02:00
544;Demanda prevista;Península;26836;2026-07-04T02:05:00+02:00
544;Demanda prevista;Península;26735;2026-07-04T02:10:00+02:00
544;Demanda prevista;Península;26618;2026-07-04T02:15:00+02:00
544;Demanda prevista;Península;26497;2026-07-04T02:20:00+02:00
544;Demanda prevista;Península;26384;2026-07-04T02:25:00+02:00
544;Demanda prevista;Península;26280;2026-07-04T02:30:00+02:00
544;Demanda prevista;Península;26184;2026-07-04T02:35:00+02:00
544;Demanda prevista;Península;26097;2026-07-04T02:40:00+02:00
544;Demanda prevista;Península;26017;2026-07-04T02:45:00+02:00
544;Demanda prevista;Península;25934;2026-07-04T02:50:00+02:00
544;Demanda prevista;Península;25834;2026-07-04T02:55:00+02:00
544;Demanda prevista;Península;25717;2026-07-04T03:00:00+02:00
544;Demanda prevista;Península;25604;2026-07-04T03:05:00+02:00
544;Demanda prevista;Península;25512;2026-07-04T03:10:00+02:00
544;Demanda prevista;Península;25443;2026-07-04T03:15:00+02:00
544;Demanda prevista;Península;25385;2026-07-04T03:20:00+02:00
544;Demanda prevista;Península;25326;2026-07-04T03:25:00+02:00
544;Demanda prevista;Península;25268;2026-07-04T03:30:00+02:00
544;Demanda prevista;Península;25206;2026-07-04T03:35:00+02:00
544;Demanda prevista;Península;25137;2026-07-04T03:40:00+02:00
544;Demanda prevista;Península;25061;2026-07-04T03:45:00+02:00
544;Demanda prevista;Península;25001;2026-07-04T03:50:00+02:00
544;Demanda prevista;Península;24980;2026-07-04T03:55:00+02:00
544;Demanda prevista;Península;24999;2026-07-04T04:00:00+02:00
544;Demanda prevista;Península;25019;2026-07-04T04:05:00+02:00
544;Demanda prevista;Península;25002;2026-07-04T04:10:00+02:00
544;Demanda prevista;Península;24949;2026-07-04T04:15:00+02:00
544;Demanda prevista;Península;24880;2026-07-04T04:20:00+02:00
544;Demanda prevista;Península;24818;2026-07-04T04:25:00+02:00
544;Demanda prevista;Península;24763;2026-07-04T04:30:00+02:00
544;Demanda prevista;Península;24718;2026-07-04T04:35:00+02:00
544;Demanda prevista;Península;24686;2026-07-04T04:40:00+02:00
544;Demanda prevista;Península;24668;2026-07-04T04:45:00+02:00
544;Demanda prevista;Península;24634;2026-07-04T04:50:00+02:00
544;Demanda prevista;Península;24555;2026-07-04T04:55:00+02:00
544;Demanda prevista;Península;24431;2026-07-04T05:00:00+02:00
544;Demanda prevista;Península;24311;2026-07-04T05:05:00+02:00
544;Demanda prevista;Península;24245;2026-07-04T05:10:00+02:00
544;Demanda prevista;Península;24232;2026-07-04T05:15:00+02:00
544;Demanda prevista;Península;24244;2026-07-04T05:20:00+02:00
544;Demanda prevista;Península;24254;2026-07-04T05:25:00+02:00
544;Demanda prevista;Península;24261;2026-07-04T05:30:00+02:00
544;Demanda prevista;Península;24267;2026-07-04T05:35:00+02:00
544;Demanda prevista;Península;24275;2026-07-04T05:40:00+02:00
544;Demanda prevista;Península;24285;2026-07-04T05:45:00+02:00
544;Demanda prevista;Península;24309;2026-07-04T05:50:00+02:00
544;Demanda prevista;Península;24360;2026-07-04T05:55:00+02:00
544;Demanda prevista;Península;24438;2026-07-04T06:00:00+02:00
544;Demanda prevista;Península;24518;2026-07-04T06:05:00+02:00
544;Demanda prevista;Península;24573;2026-07-04T06:10:00+02:00
544;Demanda prevista;Península;24605;2026-07-04T06:15:00+02:00
544;Demanda prevista;Península;24620;2026-07-04T06:20:00+02:00
544;Demanda prevista;Península;24627;2026-07-04T06:25:00+02:00
544;Demanda prevista;Península;24626;2026-07-04T06:30:00+02:00
544;Demanda prevista;Península;24636;2026-07-04T06:35:00+02:00
544;Demanda prevista;Península;24673;2026-07-04T06:40:00+02:00
544;Demanda prevista;Península;24739;2026-07-04T06:45:00+02:00
544;Demanda prevista;Península;24769;2026-07-04T06:50:00+02:00
544;Demanda prevista;Península;24701;2026-07-04T06:55:00+02:00
544;Demanda prevista;Península;24535;2026-07-04T07:00:00+02:00
544;Demanda prevista;Península;24388;2026-07-04T07:05:00+02:00
544;Demanda prevista;Península;24374;2026-07-04T07:10:00+02:00
544;Demanda prevista;Península;24495;2026-07-04T07:15:00+02:00
544;Demanda prevista;Península;24677;2026-07-04T07:20:00+02:00
544;Demanda prevista;Península;24846;2026-07-04T07:25:00+02:00
544;Demanda prevista;Península;25003;2026-07-04T07:30:00+02:00
544;Demanda prevista;Península;25170;2026-07-04T07:35:00+02:00
544;Demanda prevista;Península;25368;2026-07-04T07:40:00+02:00
544;Demanda prevista;Península;25596;2026-07-04T07:45:00+02:00
544;Demanda prevista;Península;25828;2026-07-04T07:50:00+02:00
544;Demanda prevista;Península;26034;2026-07-04T07:55:00+02:00
544;Demanda prevista;Península;26215;2026-07-04T08:00:00+02:00
544;Demanda prevista;Península;26397;2026-07-04T08:05:00+02:00
544;Demanda prevista;Península;26605;2026-07-04T08:10:00+02:00
544;Demanda prevista;Península;26840;2026-07-04T08:15:00+02:00
544;Demanda prevista;Península;27087;2026-07-04T08:20:00+02:00
544;Demanda prevista;Península;27330;2026-07-04T08:25:00+02:00
544;Demanda prevista;Península;27569;2026-07-04T08:30:00+02:00
544;Demanda prevista;Península;27804;2026-07-04T08:35:00+02:00
544;Demanda prevista;Península;28035;2026-07-04T08:40:00+02:00
544;Demanda prevista;Península;28262;2026-07-04T08:45:00+02:00
544;Demanda prevista;Península;28494;2026-07-04T08:50:00+02:00
544;Demanda prevista;Península;28739;2026-07-04T08:55:00+02:00
544;Demanda prevista;Península;28997;2026-07-04T09:00:00+02:00
544;Demanda prevista;Península;29245;2026-07-04T09:05:00+02:00
544;Demanda prevista;Península;29459;2026-07-04T09:10:00+02:00
544;Demanda prevista;Península;29639;2026-07-04T09:15:00+02:00
544;Demanda prevista;Península;29810;2026-07-04T09:20:00+02:00
544;Demanda prevista;Península;29998;2026-07-04T09:25:00+02:00
544;Demanda prevista;Península;30203;2026-07-04T09:30:00+02:00
544;Demanda prevista;Península;30390;2026-07-04T09:35:00+02:00
544;Demanda prevista;Península;30522;2026-07-04T09:40:00+02:00
544;Demanda prevista;Península;30600;2026-07-04T09:45:00+02:00
544;Demanda prevista;Península;30735;2026-07-04T09:50:00+02:00
544;Demanda prevista;Península;31035;2026-07-04T09:55:00+02:00
544;Demanda prevista;Península;31502;2026-07-04T10:00:00+02:00
544;Demanda prevista;Península;31960;2026-07-04T10:05:00+02:00
544;Demanda prevista;Península;32235;2026-07-04T10:10:00+02:00
544;Demanda prevista;Península;32327;2026-07-04T10:15:00+02:00
544;Demanda prevista;Península;32342;2026-07-04T10:20:00+02:00
544;Demanda prevista;Península;32386;2026-07-04T10:25:00+02:00
544;Demanda prevista;Península;32460;2026-07-04T10:30:00+02:00
544;Demanda prevista;Península;32532;2026-07-04T10:35:00+02:00
544;Demanda prevista;Península;32571;2026-07-04T10:40:00+02:00
544;Demanda prevista;Península;32578;2026-07-04T10:45:00+02:00
544;Demanda prevista;Península;32584;2026-07-04T10:50:00+02:00
544;Demanda prevista;Península;32619;2026-07-04T10:55:00+02:00
544;Demanda prevista;Península;32682;2026-07-04T11:00:00+02:00
544;Demanda prevista;Península;32753;2026-07-04T11:05:00+02:00
544;Demanda prevista;Península;32807;2026-07-04T11:10:00+02:00
544;Demanda prevista;Península;32844;2026-07-04T11:15:00+02:00
544;Demanda prevista;Península;32873;2026-07-04T11:20:00+02:00
544;Demanda prevista;Península;32901;2026-07-04T11:25:00+02:00
544;Demanda prevista;Península;32926;2026-07-04T11:30:00+02:00
544;Demanda prevista;Península;32962;2026-07-04T11:35:00+02:00
544;Demanda prevista;Península;33019;2026-07-04T11:40:00+02:00
544;Demanda prevista;Península;33097;2026-07-04T11:45:00+02:00
544;Demanda prevista;Península;33146;2026-07-04T11:50:00+02:00
544;Demanda prevista;Península;33118;2026-07-04T11:55:00+02:00
544;Demanda prevista;Península;33011;2026-07-04T12:00:00+02:00
544;Demanda prevista;Península;32906;2026-07-04T12:05:00+02:00
544;Demanda prevista;Península;32884;2026-07-04T12:10:00+02:00
544;Demanda prevista;Península;32944;2026-07-04T12:15:00+02:00
544;Demanda prevista;Península;33035;2026-07-04T12:20:00+02:00
544;Demanda prevista;Península;33107;2026-07-04T12:25:00+02:00
544;Demanda prevista;Península;33161;2026-07-04T12:30:00+02:00
544;Demanda prevista;Península;33214;2026-07-04T12:35:00+02:00
544;Demanda prevista;Península;33283;2026-07-04T12:40:00+02:00
544;Demanda prevista;Península;33369;2026-07-04T12:45:00+02:00
544;Demanda prevista;Península;33447;2026-07-04T12:50:00+02:00
544;Demanda prevista;Península;33491;2026-07-04T12:55:00+02:00
544;Demanda prevista;Península;33500;2026-07-04T13:00:00+02:00
544;Demanda prevista;Península;33509;2026-07-04T13:05:00+02:00
544;Demanda prevista;Península;33550;2026-07-04T13:10:00+02:00
544;Demanda prevista;Península;33624;2026-07-04T13:15:00+02:00
544;Demanda prevista;Península;33710;2026-07-04T13:20:00+02:00
544;Demanda prevista;Península;33789;2026-07-04T13:25:00+02:00
544;Demanda prevista;Península;33859;2026-07-04T13:30:00+02:00
544;Demanda prevista;Península;33924;2026-07-04T13:35:00+02:00
544;Demanda prevista;Península;33985;2026-07-04T13:40:00+02:00
544;Demanda prevista;Península;34041;2026-07-04T13:45:00+02:00
544;Demanda prevista;Península;34099;2026-07-04T13:50:00+02:00
544;Demanda prevista;Península;34162;2026-07-04T13:55:00+02:00
544;Demanda prevista;Península;34230;2026-07-04T14:00:00+02:00
544;Demanda prevista;Península;34287;2026-07-04T14:05:00+02:00
544;Demanda prevista;Península;34313;2026-07-04T14:10:00+02:00
544;Demanda prevista;Península;34309;2026-07-04T14:15:00+02:00
544;Demanda prevista;Península;34291;2026-07-04T14:20:00+02:00
544;Demanda prevista;Península;34274;2026-07-04T14:25:00+02:00
544;Demanda prevista;Península;34258;2026-07-04T14:30:00+02:00
544;Demanda prevista;Península;34236;2026-07-04T14:35:00+02:00
544;Demanda prevista;Península;34201;2026-07-04T14:40:00+02:00
544;Demanda prevista;Península;34153;2026-07-04T14:45:00+02:00
544;Demanda prevista;Península;34110;2026-07-04T14:50:00+02:00
544;Demanda prevista;Península;34091;2026-07-04T14:55:00+02:00
544;Demanda prevista;Península;34097;2026-07-04T15:00:00+02:00
544;Demanda prevista;Península;34101;2026-07-04T15:05:00+02:00
544;Demanda prevista;Península;34079;2026-07-04T15:10:00+02:00
544;Demanda prevista;Península;34030;2026-07-04T15:15:00+02:00
544;Demanda prevista;Península;33972;2026-07-04T15:20:00+02:00
544;Demanda prevista;Península;33920;2026-07-04T15:25:00+02:00
544;Demanda prevista;Península;33875;2026-07-04T15:30:00+02:00
544;Demanda prevista;Península;33835;2026-07-04T15:35:00+02:00
544;Demanda prevista;Península;33801;2026-07-04T15:40:00+02:00
544;Demanda prevista;Península;33772;2026-07-04T15:45:00+02:00
544;Demanda prevista;Península;33737;2026-07-04T15:50:00+02:00
544;Demanda prevista;Península;33686;2026-07-04T15:55:00+02:00
544;Demanda prevista;Península;33619;2026-07-04T16:00:00+02:00
544;Demanda prevista;Península;33554;2026-07-04T16:05:00+02:00
544;Demanda prevista;Península;33509;2026-07-04T16:10:00+02:00
544;Demanda prevista;Península;33484;2026-07-04T16:15:00+02:00
544;Demanda prevista;Península;33468;2026-07-04T16:20:00+02:00
544;Demanda prevista;Península;33451;2026-07-04T16:25:00+02:00
544;Demanda prevista;Península;33435;2026-07-04T16:30:00+02:00
544;Demanda prevista;Península;33418;2026-07-04T16:35:00+02:00
544;Demanda prevista;Península;33402;2026-07-04T16:40:00+02:00
544;Demanda prevista;Península;33388;2026-07-04T16:45:00+02:00
544;Demanda prevista;Península;33383;2026-07-04T16:50:00+02:00
544;Demanda prevista;Península;33394;2026-07-04T16:55:00+02:00
544;Demanda prevista;Península;33422;2026-07-04T17:00:00+02:00
544;Demanda prevista;Península;33454;2026-07-04T17:05:00+02:00
544;Demanda prevista;Península;33476;2026-07-04T17:10:00+02:00
544;Demanda prevista;Península;33488;2026-07-04T17:15:00+02:00
544;Demanda prevista;Península;33502;2026-07-04T17:20:00+02:00
544;Demanda prevista;Península;33529;2026-07-04T17:25:00+02:00
544;Demanda prevista;Península;33567;2026-07-04T17:30:00+02:00
544;Demanda prevista;Península;33605;2026-07-04T17:35:00+02:00
544;Demanda prevista;Península;33632;2026-07-04T17:40:00+02:00
544;Demanda prevista;Península;33646;2026-07-04T17:45:00+02:00
544;Demanda prevista;Península;33683;2026-07-04T17:50:00+02:00
544;Demanda prevista;Península;33780;2026-07-04T17:55:00+02:00
544;Demanda prevista;Península;33936;2026-07-04T18:00:00+02:00
544;Demanda prevista;Península;34094;2026-07-04T18:05:00+02:00
544;Demanda prevista;Península;34194;2026-07-04T18:10:00+02:00
544;Demanda prevista;Península;34237;2026-07-04T18:15:00+02:00
544;Demanda prevista;Península;34261;2026-07-04T18:20:00+02:00
544;Demanda prevista;Península;34304;2026-07-04T18:25:00+02:00
544;Demanda prevista;Península;34368;2026-07-04T18:30:00+02:00
544;Demanda prevista;Península;34434;2026-07-04T18:35:00+02:00
544;Demanda prevista;Península;34483;2026-07-04T18:40:00+02:00
544;Demanda prevista;Península;34516;2026-07-04T18:45:00+02:00
544;Demanda prevista;Península;34556;2026-07-04T18:50:00+02:00
544;Demanda prevista;Península;34627;2026-07-04T18:55:00+02:00
544;Demanda prevista;Península;34731;2026-07-04T19:00:00+02:00
544;Demanda prevista;Península;34825;2026-07-04T19:05:00+02:00
544;Demanda prevista;Península;34866;2026-07-04T19:10:00+02:00
544;Demanda prevista;Península;34855;2026-07-04T19:15:00+02:00
544;Demanda prevista;Península;34821;2026-07-04T19:20:00+02:00
544;Demanda prevista;Península;34794;2026-07-04T19:25:00+02:00
544;Demanda prevista;Península;34774;2026-07-04T19:30:00+02:00
544;Demanda prevista;Península;34733;2026-07-04T19:35:00+02:00
544;Demanda prevista;Península;34644;2026-07-04T19:40:00+02:00
544;Demanda prevista;Península;34508;2026-07-04T19:45:00+02:00
544;Demanda prevista;Península;34406;2026-07-04T19:50:00+02:00
544;Demanda prevista;Península;34423;2026-07-04T19:55:00+02:00
544;Demanda prevista;Península;34559;2026-07-04T20:00:00+02:00
544;Demanda prevista;Península;34687;2026-07-04T20:05:00+02:00
544;Demanda prevista;Península;34682;2026-07-04T20:10:00+02:00
544;Demanda prevista;Península;34544;2026-07-04T20:15:00+02:00
544;Demanda prevista;Península;34352;2026-07-04T20:20:00+02:00
544;Demanda prevista;Península;34185;2026-07-04T20:25:00+02:00
544;Demanda prevista;Península;34041;2026-07-04T20:30:00+02:00
544;Demanda prevista;Península;33910;2026-07-04T20:35:00+02:00
544;Demanda prevista;Península;33776;2026-07-04T20:40:00+02:00
544;Demanda prevista;Península;33641;2026-07-04T20:45:00+02:00
544;Demanda prevista;Península;33490;2026-07-04T20:50:00+02:00
544;Demanda prevista;Península;33311;2026-07-04T20:55:00+02:00
544;Demanda prevista;Península;33104;2026-07-04T21:00:00+02:00
544;Demanda prevista;Península;32902;2026-07-04T21:05:00+02:00
544;Demanda prevista;Península;32742;2026-07-04T21:10:00+02:00
544;Demanda prevista;Península;32623;2026-07-04T21:15:00+02:00
544;Demanda prevista;Península;32527;2026-07-04T21:20:00+02:00
544;Demanda prevista;Península;32437;2026-07-04T21:25:00+02:00
544;Demanda prevista;Península;32354;2026-07-04T21:30:00+02:00
544;Demanda prevista;Península;32274;2026-07-04T21:35:00+02:00
544;Demanda prevista;Península;32195;2026-07-04T21:40:00+02:00
544;Demanda prevista;Península;32116;2026-07-04T21:45:00+02:00
544;Demanda prevista;Península;32053;2026-07-04T21:50:00+02:00
544;Demanda prevista;Península;32021;2026-07-04T21:55:00+02:00
544;Demanda prevista;Península;32020;2026-07-04T22:00:00+02:00
544;Demanda prevista;Península;32016;2026-07-04T22:05:00+02:00
544;Demanda prevista;Península;31975;2026-07-04T22:10:00+02:00
544;Demanda prevista;Península;31898;2026-07-04T22:15:00+02:00
544;Demanda prevista;Península;31801;2026-07-04T22:20:00+02:00
544;Demanda prevista;Península;31700;2026-07-04T22:25:00+02:00
544;Demanda prevista;Península;31596;2026-07-04T22:30:00+02:00
544;Demanda prevista;Península;31484;2026-07-04T22:35:00+02:00
544;Demanda prevista;Península;31358;2026-07-04T22:40:00+02:00
544;Demanda prevista;Península;31218;2026-07-04T22:45:00+02:00
544;Demanda prevista;Península;31074;2026-07-04T22:50:00+02:00
544;Demanda prevista;Península;30936;2026-07-04T22:55:00+02:00
544;Demanda prevista;Península;30803;2026-07-04T23:00:00+02:00
544;Demanda prevista;Península;30666;2026-07-04T23:05:00+02:00
544;Demanda prevista;Península;30516;2026-07-04T23:10:00+02:00
544;Demanda prevista;Península;30353;2026-07-04T23:15:00+02:00
544;Demanda prevista;Península;30185;2026-07-04T23:20:00+02:00
544;Demanda prevista;Península;30022;2026-07-04T23:25:00+02:00
544;Demanda prevista;Península;29862;2026-07-04T23:30:00+02:00
544;Demanda prevista;Península;29704;2026-07-04T23:35:00+02:00
544;Demanda prevista;Península;29544;2026-07-04T23:40:00+02:00
544;Demanda prevista;Península;29382;2026-07-04T23:45:00+02:00
544;Demanda prevista;Península;29222;2026-07-04T23:50:00+02:00
544;Demanda prevista;Península;29067;2026-07-04T23:55:00+02:00
544;Demanda prevista;Península;28917;2026-07-05T00:00:00+02:00
544;Demanda prevista;Península;28767;2026-07-05T00:05:00+02:00
544;Demanda prevista;Península;28611;2026-07-05T00:10:00+02:00
544;Demanda prevista;Península;28450;2026-07-05T00:15:00+02:00
544;Demanda prevista;Península;28287;2026-07-05T00:20:00+02:00
544;Demanda prevista;Península;28123;2026-07-05T00:25:00+02:00
544;Demanda prevista;Península;27958;2026-07-05T00:30:00+02:00
544;Demanda prevista;Península;27795;2026-07-05T00:35:00+02:00
544;Demanda prevista;Península;27636;2026-07-05T00:40:00+02:00
544;Demanda prevista;Península;27482;2026-07-05T00:45:00+02:00
544;Demanda prevista;Península;27323;2026-07-05T00:50:00+02:00
544;Demanda prevista;Península;27152;2026-07-05T00:55:00+02:00
544;Demanda prevista;Península;26969;2026-07-05T01:00:00+02:00
544;Demanda prevista;Península;26789;2026-07-05T01:05:00+02:00
544;Demanda prevista;Península;26628;2026-07-05T01:10:00+02:00
544;Demanda prevista;Península;26486;2026-07-05T01:15:00+02:00
544;Demanda prevista;Península;26353;2026-07-05T01:20:00+02:00
544;Demanda prevista;Península;26221;2026-07-05T01:25:00+02:00
544;Demanda prevista;Península;26091;2026-07-05T01:30:00+02:00
544;Demanda prevista;Península;25964;2026-07-05T01:35:00+02:00
544;Demanda prevista;Península;25845;2026-07-05T01:40:00+02:00
544;Demanda prevista;Península;25733;2026-07-05T01:45:00+02:00
544;Demanda prevista;Península;25623;2026-07-05T01:50:00+02:00
544;Demanda prevista;Península;25510;2026-07-05T01:55:00+02:00
544;Demanda prevista;Península;25392;2026-07-05T02:00:00+02:00
544;Demanda prevista;Península;25277;2026-07-05T02:05:00+02:00
544;Demanda prevista;Península;25171;2026-07-05T02:10:00+02:00
544;Demanda prevista;Península;25075;2026-07-05T02:15:00+02:00
544;Demanda prevista;Península;24983;2026-07-05T02:20:00+02:00
544;Demanda prevista;Península;24889;2026-07-05T02:25:00+02:00
544;Demanda prevista;Península;24794;2026-07-05T02:30:00+02:00
544;Demanda prevista;Península;24700;2026-07-05T02:35:00+02:00
544;Demanda prevista;Península;24611;2026-07-05T02:40:00+02:00
544;Demanda prevista;Península;24526;2026-07-05T02:45:00+02:00
544;Demanda prevista;Península;24440;2026-07-05T02:50:00+02:00
544;Demanda prevista;Península;24347;2026-07-05T02:55:00+02:00
545;Demanda programada;Península;34962;2026-07-03T21:00:00+02:00
545;Demanda programada;Península;34962;2026-07-03T21:05:00+02:00
545;Demanda programada;Península;34962;2026-07-03T21:10:00+02:00
545;Demanda programada;Península;34895;2026-07-03T21:15:00+02:00
545;Demanda programada;Península;34895;2026-07-03T21:20:00+02:00
545;Demanda programada;Península;34895;2026-07-03T21:25:00+02:00
545;Demanda programada;Península;34751;2026-07-03T21:30:00+02:00
545;Demanda programada;Península;34751;2026-07-03T21:35:00+02:00
545;Demanda programada;Península;34751;2026-07-03T21:40:00+02:00
545;Demanda programada;Península;34369;2026-07-03T21:45:00+02:00
545;Demanda programada;Península;34369;2026-07-03T21:50:00+02:00
545;Demanda programada;Península;34369;2026-07-03T21:55:00+02:00
545;Demanda programada;Península;34448;2026-07-03T22:00:00+02:00
545;Demanda programada;Península;34448;2026-07-03T22:05:00+02:00
545;Demanda programada;Península;34448;2026-07-03T22:10:00+02:00
545;Demanda programada;Península;33748;2026-07-03T22:15:00+02:00
545;Demanda programada;Península;33748;2026-07-03T22:20:00+02:00
545;Demanda programada;Península;33748;2026-07-03T22:25:00+02:00
545;Demanda programada;Península;33005;2026-07-03T22:30:00+02:00
545;Demanda programada;Península;33005;2026-07-03T22:35:00+02:00
545;Demanda programada;Península;33005;2026-07-03T22:40:00+02:00
545;Demanda programada;Península;32405;2026-07-03T22:45:00+02:00
545;Demanda programada;Península;32405;2026-07-03T22:50:00+02:00
545;Demanda programada;Península;32405;2026-07-03T22:55:00+02:00
545;Demanda programada;Península;31841;2026-07-03T23:00:00+02:00
545;Demanda programada;Península;31841;2026-07-03T23:05:00+02:00
545;Demanda programada;Península;31841;2026-07-03T23:10:00+02:00
545;Demanda programada;Península;31103;2026-07-03T23:15:00+02:00
545;Demanda programada;Península;31103;2026-07-03T23:20:00+02:00
545;Demanda programada;Península;31103;2026-07-03T23:25:00+02:00
545;Demanda programada;Península;30353;2026-07-03T23:30:00+02:00
545;Demanda programada;Península;30353;2026-07-03T23:35:00+02:00
545;Demanda programada;Península;30353;2026-07-03T23:40:00+02:00
545;Demanda programada;Península;29901;2026-07-03T23:45:00+02:00
545;Demanda programada;Península;29901;2026-07-03T23:50:00+02:00
545;Demanda programada;Península;29901;2026-07-03T23:55:00+02:00
545;Demanda programada;Península;29386;2026-07-04T00:00:00+02:00
545;Demanda programada;Península;29386;2026-07-04T00:05:00+02:00
545;Demanda programada;Península;29386;2026-07-04T00:10:00+02:00
545;Demanda programada;Península;29638;2026-07-04T00:15:00+02:00
545;Demanda programada;Península;29638;2026-07-04T00:20:00+02:00
545;Demanda programada;Península;29638;2026-07-04T00:25:00+02:00
545;Demanda programada;Península;29147;2026-07-04T00:30:00+02:00
545;Demanda programada;Península;29147;2026-07-04T00:35:00+02:00
545;Demanda programada;Península;29147;2026-07-04T00:40:00+02:00
545;Demanda programada;Península;28559;2026-07-04T00:45:00+02:00
545;Demanda programada;Península;28559;2026-07-04T00:50:00+02:00
545;Demanda programada;Península;28559;2026-07-04T00:55:00+02:00
545;Demanda programada;Península;28335;2026-07-04T01:00:00+02:00
545;Demanda programada;Península;28335;2026-07-04T01:05:00+02:00
545;Demanda programada;Península;28335;2026-07-04T01:10:00+02:00
545;Demanda programada;Península;28007;2026-07-04T01:15:00+02:00
545;Demanda programada;Península;28007;2026-07-04T01:20:00+02:00
545;Demanda programada;Península;28007;2026-07-04T01:25:00+02:00
545;Demanda programada;Península;27601;2026-07-04T01:30:00+02:00
545;Demanda programada;Península;27601;2026-07-04T01:35:00+02:00
545;Demanda programada;Península;27601;2026-07-04T01:40:00+02:00
545;Demanda programada;Península;27100;2026-07-04T01:45:00+02:00
545;Demanda programada;Península;27100;2026-07-04T01:50:00+02:00
545;Demanda programada;Península;27100;2026-07-04T01:55:00+02:00
545;Demanda programada;Península;26706;2026-07-04T02:00:00+02:00
545;Demanda programada;Península;26706;2026-07-04T02:05:00+02:00
545;Demanda programada;Península;26706;2026-07-04T02:10:00+02:00
545;Demanda programada;Península;26452;2026-07-04T02:15:00+02:00
545;Demanda programada;Península;26452;2026-07-04T02:20:00+02:00
545;Demanda programada;Península;26452;2026-07-04T02:25:00+02:00
545;Demanda programada;Península;26305;2026-07-04T02:30:00+02:00
545;Demanda programada;Península;26305;2026-07-04T02:35:00+02:00
545;Demanda programada;Península;26305;2026-07-04T02:40:00+02:00
545;Demanda programada;Península;26201;2026-07-04T02:45:00+02:00
545;Demanda programada;Península;26201;2026-07-04T02:50:00+02:00
545;Demanda programada;Península;26201;2026-07-04T02:55:00+02:00
545;Demanda programada;Península;25910;2026-07-04T03:00:00+02:00
545;Demanda programada;Península;25910;2026-07-04T03:05:00+02:00
545;Demanda programada;Península;25910;2026-07-04T03:10:00+02:00
545;Demanda programada;Península;25500;2026-07-04T03:15:00+02:00
545;Demanda programada;Península;25500;2026-07-04T03:20:00+02:00
545;Demanda programada;Península;25500;2026-07-04T03:25:00+02:00
545;Demanda programada;Península;25173;2026-07-04T03:30:00+02:00
545;Demanda programada;Península;25173;2026-07-04T03:35:00+02:00
545;Demanda programada;Península;25173;2026-07-04T03:40:00+02:00
545;Demanda programada;Península;24940;2026-07-04T03:45:00+02:00
545;Demanda programada;Península;24940;2026-07-04T03:50:00+02:00
545;Demanda programada;Península;24940;2026-07-04T03:55:00+02:00
545;Demanda programada;Península;24709;2026-07-04T04:00:00+02:00
545;Demanda programada;Península;24709;2026-07-04T04:05:00+02:00
545;Demanda programada;Península;24709;2026-07-04T04:10:00+02:00
545;Demanda programada;Península;24604;2026-07-04T04:15:00+02:00
545;Demanda programada;Península;24604;2026-07-04T04:20:00+02:00
545;Demanda programada;Península;24604;2026-07-04T04:25:00+02:00
545;Demanda programada;Península;24607;2026-07-04T04:30:00+02:00
545;Demanda programada;Península;24607;2026-07-04T04:35:00+02:00
545;Demanda programada;Península;24607;2026-07-04T04:40:00+02:00
545;Demanda programada;Península;24509;2026-07-04T04:45:00+02:00
545;Demanda programada;Península;24509;2026-07-04T04:50:00+02:00
545;Demanda programada;Península;24509;2026-07-04T04:55:00+02:00
545;Demanda programada;Península;24137;2026-07-04T05:00:00+02:00
545;Demanda programada;Península;24137;2026-07-04T05:05:00+02:00
545;Demanda programada;Península;24137;2026-07-04T05:10:00+02:00
545;Demanda programada;Península;24242;2026-07-04T05:15:00+02:00
545;Demanda programada;Península;24242;2026-07-04T05:20:00+02:00
545;Demanda programada;Península;24242;2026-07-04T05:25:00+02:00
545;Demanda programada;Península;24198;2026-07-04T05:30:00+02:00
545;Demanda programada;Península;24198;2026-07-04T05:35:00+02:00
545;Demanda programada;Península;24198;2026-07-04T05:40:00+02:00
545;Demanda programada;Península;24247;2026-07-04T05:45:00+02:00
545;Demanda programada;Península;24247;2026-07-04T05:50:00+02:00
545;Demanda programada;Península;24247;2026-07-04T05:55:00+02:00
545;Demanda programada;Península;24229;2026-07-04T06:00:00+02:00
545;Demanda programada;Península;24229;2026-07-04T06:05:00+02:00
545;Demanda programada;Península;24229;2026-07-04T06:10:00+02:00
545;Demanda programada;Península;24501;2026-07-04T06:15:00+02:00
545;Demanda programada;Península;24501;2026-07-04T06:20:00+02:00
545;Demanda programada;Península;24501;2026-07-04T06:25:00+02:00
545;Demanda programada;Península;24506;2026-07-04T06:30:00+02:00
545;Demanda programada;Península;24506;2026-07-04T06:35:00+02:00
545;Demanda programada;Península;24506;2026-07-04T06:40:00+02:00
545;Demanda programada;Península;24491;2026-07-04T06:45:00+02:00
545;Demanda programada;Península;24491;2026-07-04T06:50:00+02:00
545;Demanda programada;Península;24491;2026-07-04T06:55:00+02:00
545;Demanda programada;Península;24337;2026-07-04T07:00:00+02:00
545;Demanda programada;Península;24337;2026-07-04T07:05:00+02:00
545;Demanda programada;Península;24337;2026-07-04T07:10:00+02:00
545;Demanda programada;Península;24510;2026-07-04T07:15:00+02:00
545;Demanda programada;Península;24510;2026-07-04T07:20:00+02:00
545;Demanda programada;Península;24510;2026-07-04T07:25:00+02:00
545;Demanda programada;Península;24618;2026-07-04T07:30:00+02:00
545;Demanda programada;Península;24618;2026-07-04T07:35:00+02:00
545;Demanda programada;Península;24618;2026-07-04T07:40:00+02:00
545;Demanda programada;Península;24659;2026-07-04T07:45:00+02:00
545;Demanda programada;Península;24659;2026-07-04T07:50:00+02:00
545;Demanda programada;Península;24659;2026-07-04T07:55:00+02:00
545;Demanda programada;Península;25107;2026-07-04T08:00:00+02:00
545;Demanda programada;Península;25107;2026-07-04T08:05:00+02:00
545;Demanda programada;Península;25107;2026-07-04T08:10:00+02:00
545;Demanda programada;Península;25326;2026-07-04T08:15:00+02:00
545;Demanda programada;Península;25326;2026-07-04T08:20:00+02:00
545;Demanda programada;Península;25326;2026-07-04T08:25:00+02:00
545;Demanda programada;Península;25631;2026-07-04T08:30:00+02:00
545;Demanda programada;Península;25631;2026-07-04T08:35:00+02:00
545;Demanda programada;Península;25631;2026-07-04T08:40:00+02:00
545;Demanda programada;Península;25925;2026-07-04T08:45:00+02:00
545;Demanda programada;Península;25925;2026-07-04T08:50:00+02:00
545;Demanda programada;Península;25925;2026-07-04T08:55:00+02:00
545;Demanda programada;Península;25937;2026-07-04T09:00:00+02:00
545;Demanda programada;Península;25937;2026-07-04T09:05:00+02:00
545;Demanda programada;Península;25937;2026-07-04T09:10:00+02:00
545;Demanda programada;Península;26587;2026-07-04T09:15:00+02:00
545;Demanda programada;Península;26587;2026-07-04T09:20:00+02:00
545;Demanda programada;Península;26587;2026-07-04T09:25:00+02:00
545;Demanda programada;Península;26754;2026-07-04T09:30:00+02:00
545;Demanda programada;Península;26754;2026-07-04T09:35:00+02:00
545;Demanda programada;Península;26754;2026-07-04T09:40:00+02:00
545;Demanda programada;Península;27173;2026-07-04T09:45:00+02:00
545;Demanda programada;Península;27173;2026-07-04T09:50:00+02:00
545;Demanda programada;Península;27173;2026-07-04T09:55:00+02:00
545;Demanda programada;Península;27346;2026-07-04T10:00:00+02:00
545;Demanda programada;Península;27346;2026-07-04T10:05:00+02:00
545;Demanda programada;Península;27346;2026-07-04T10:10:00+02:00
545;Demanda programada;Península;27327;2026-07-04T10:15:00+02:00
545;Demanda programada;Península;27327;2026-07-04T10:20:00+02:00
545;Demanda programada;Península;27327;2026-07-04T10:25:00+02:00
545;Demanda programada;Península;27777;2026-07-04T10:30:00+02:00
545;Demanda programada;Península;27777;2026-07-04T10:35:00+02:00
545;Demanda programada;Península;27777;2026-07-04T10:40:00+02:00
545;Demanda programada;Península;27709;2026-07-04T10:45:00+02:00
545;Demanda programada;Península;27709;2026-07-04T10:50:00+02:00
545;Demanda programada;Península;27709;2026-07-04T10:55:00+02:00
545;Demanda programada;Península;27655;2026-07-04T11:00:00+02:00
545;Demanda programada;Península;27655;2026-07-04T11:05:00+02:00
545;Demanda programada;Península;27655;2026-07-04T11:10:00+02:00
545;Demanda programada;Península;27536;2026-07-04T11:15:00+02:00
545;Demanda programada;Península;27536;2026-07-04T11:20:00+02:00
545;Demanda programada;Península;27536;2026-07-04T11:25:00+02:00
545;Demanda programada;Península;27745;2026-07-04T11:30:00+02:00
545;Demanda programada;Península;27745;2026-07-04T11:35:00+02:00
545;Demanda programada;Península;27745;2026-07-04T11:40:00+02:00
545;Demanda programada;Península;27823;2026-07-04T11:45:00+02:00
545;Demanda programada;Península;27823;2026-07-04T11:50:00+02:00
545;Demanda programada;Península;27823;2026-07-04T11:55:00+02:00
545;Demanda programada;Península;27848;2026-07-04T12:00:00+02:00
545;Demanda programada;Península;27848;2026-07-04T12:05:00+02:00
545;Demanda programada;Península;27848;2026-07-04T12:10:00+02:00
545;Demanda programada;Península;28219;2026-07-04T12:15:00+02:00
545;Demanda programada;Península;28219;2026-07-04T12:20:00+02:00
545;Demanda programada;Península;28219;2026-07-04T12:25:00+02:00
545;Demanda programada;Península;28288;2026-07-04T12:30:00+02:00
545;Demanda programada;Península;28288;2026-07-04T12:35:00+02:00
545;Demanda programada;Península;28288;2026-07-04T12:40:00+02:00
545;Demanda programada;Península;28358;2026-07-04T12:45:00+02:00
545;Demanda programada;Península;28358;2026-07-04T12:50:00+02:00
545;Demanda programada;Península;28358;2026-07-04T12:55:00+02:00
545;Demanda programada;Península;28566;2026-07-04T13:00:00+02:00
545;Demanda programada;Península;28566;2026-07-04T13:05:00+02:00
545;Demanda programada;Península;28566;2026-07-04T13:10:00+02:00
545;Demanda programada;Península;28857;2026-07-04T13:15:00+02:00
545;Demanda programada;Península;28857;2026-07-04T13:20:00+02:00
545;Demanda programada;Península;28857;2026-07-04T13:25:00+02:00
545;Demanda programada;Península;28948;2026-07-04T13:30:00+02:00
545;Demanda programada;Península;28948;2026-07-04T13:35:00+02:00
545;Demanda programada;Península;28948;2026-07-04T13:40:00+02:00
545;Demanda programada;Península;29098;2026-07-04T13:45:00+02:00
545;Demanda programada;Península;29098;2026-07-04T13:50:00+02:00
545;Demanda programada;Península;29098;2026-07-04T13:55:00+02:00
545;Demanda programada;Península;29143;2026-07-04T14:00:00+02:00
545;Demanda programada;Península;29143;2026-07-04T14:05:00+02:00
545;Demanda programada;Península;29143;2026-07-04T14:10:00+02:00
545;Demanda programada;Península;29276;2026-07-04T14:15:00+02:00
545;Demanda programada;Península;29276;2026-07-04T14:20:00+02:00
545;Demanda programada;Península;29276;2026-07-04T14:25:00+02:00
545;Demanda programada;Península;29383;2026-07-04T14:30:00+02:00
545;Demanda programada;Península;29383;2026-07-04T14:35:00+02:00
545;Demanda programada;Península;29383;2026-07-04T14:40:00+02:00
545;Demanda programada;Península;29202;2026-07-04T14:45:00+02:00
545;Demanda programada;Península;29202;2026-07-04T14:50:00+02:00
545;Demanda programada;Península;29202;2026-07-04T14:55:00+02:00
545;Demanda programada;Península;28946;2026-07-04T15:00:00+02:00
545;Demanda programada;Península;28946;2026-07-04T15:05:00+02:00
545;Demanda programada;Península;28946;2026-07-04T15:10:00+02:00
545;Demanda programada;Península;28675;2026-07-04T15:15:00+02:00
545;Demanda programada;Península;28675;2026-07-04T15:20:00+02:00
545;Demanda programada;Península;28675;2026-07-04T15:25:00+02:00
545;Demanda programada;Península;28591;2026-07-04T15:30:00+02:00
545;Demanda programada;Península;28591;2026-07-04T15:35:00+02:00
545;Demanda programada;Península;28591;2026-07-04T15:40:00+02:00
545;Demanda programada;Península;28511;2026-07-04T15:45:00+02:00
545;Demanda programada;Península;28511;2026-07-04T15:50:00+02:00
545;Demanda programada;Península;28511;2026-07-04T15:55:00+02:00
545;Demanda programada;Península;28529;2026-07-04T16:00:00+02:00
545;Demanda programada;Península;28529;2026-07-04T16:05:00+02:00
545;Demanda programada;Península;28529;2026-07-04T16:10:00+02:00
545;Demanda programada;Península;28582;2026-07-04T16:15:00+02:00
545;Demanda programada;Península;28582;2026-07-04T16:20:00+02:00
545;Demanda programada;Península;28582;2026-07-04T16:25:00+02:00
545;Demanda programada;Península;28631;2026-07-04T16:30:00+02:00
545;Demanda programada;Península;28631;2026-07-04T16:35:00+02:00
545;Demanda programada;Península;28631;2026-07-04T16:40:00+02:00
545;Demanda programada;Península;28801;2026-07-04T16:45:00+02:00
545;Demanda programada;Península;28801;2026-07-04T16:50:00+02:00
545;Demanda programada;Península;28801;2026-07-04T16:55:00+02:00
545;Demanda programada;Península;28894;2026-07-04T17:00:00+02:00
545;Demanda programada;Península;28894;2026-07-04T17:05:00+02:00
545;Demanda programada;Península;28894;2026-07-04T17:10:00+02:00
545;Demanda programada;Península;29090;2026-07-04T17:15:00+02:00
545;Demanda programada;Península;29090;2026-07-04T17:20:00+02:00
545;Demanda programada;Península;29090;2026-07-04T17:25:00+02:00
545;Demanda programada;Península;29278;2026-07-04T17:30:00+02:00
545;Demanda programada;Península;29278;2026-07-04T17:35:00+02:00
545;Demanda programada;Península;29278;2026-07-04T17:40:00+02:00
545;Demanda programada;Península;29486;2026-07-04T17:45:00+02:00
545;Demanda programada;Península;29486;2026-07-04T17:50:00+02:00
545;Demanda programada;Península;29486;2026-07-04T17:55:00+02:00
545;Demanda programada;Península;29782;2026-07-04T18:00:00+02:00
545;Demanda programada;Península;29782;2026-07-04T18:05:00+02:00
545;Demanda programada;Península;29782;2026-07-04T18:10:00+02:00
545;Demanda programada;Península;30132;2026-07-04T18:15:00+02:00
545;Demanda programada;Península;30132;2026-07-04T18:20:00+02:00
545;Demanda programada;Península;30132;2026-07-04T18:25:00+02:00
545;Demanda programada;Península;30606;2026-07-04T18:30:00+02:00
545;Demanda programada;Península;30606;2026-07-04T18:35:00+02:00
545;Demanda programada;Península;30606;2026-07-04T18:40:00+02:00
545;Demanda programada;Península;30604;2026-07-04T18:45:00+02:00
545;Demanda programada;Península;30604;2026-07-04T18:50:00+02:00
545;Demanda programada;Península;30604;2026-07-04T18:55:00+02:00
545;Demanda programada;Península;31094;2026-07-04T19:00:00+02:00
545;Demanda programada;Península;31094;2026-07-04T19:05:00+02:00
545;Demanda programada;Península;31094;2026-07-04T19:10:00+02:00
545;Demanda programada;Península;31541;2026-07-04T19:15:00+02:00
545;Demanda programada;Península;31541;2026-07-04T19:20:00+02:00
545;Demanda programada;Península;31541;2026-07-04T19:25:00+02:00
545;Demanda programada;Península;32067;2026-07-04T19:30:00+02:00
545;Demanda programada;Península;32067;2026-07-04T19:35:00+02:00
545;Demanda programada;Península;32067;2026-07-04T19:40:00+02:00
545;Demanda programada;Península;32407;2026-07-04T19:45:00+02:00
545;Demanda programada;Península;32407;2026-07-04T19:50:00+02:00
545;Demanda programada;Península;32407;2026-07-04T19:55:00+02:00
545;Demanda programada;Península;32427;2026-07-04T20:00:00+02:00
545;Demanda programada;Península;32427;2026-07-04T20:05:00+02:00
545;Demanda programada;Península;32427;2026-07-04T20:10:00+02:00
545;Demanda programada;Península;31766;2026-07-04T20:15:00+02:00
545;Demanda programada;Península;31766;2026-07-04T20:20:00+02:00
545;Demanda programada;Península;31766;2026-07-04T20:25:00+02:00
545;Demanda programada;Península;32033;2026-07-04T20:30:00+02:00
545;Demanda programada;Península;32033;2026-07-04T20:35:00+02:00
545;Demanda programada;Península;32033;2026-07-04T20:40:00+02:00
545;Demanda programada;Península;32223;2026-07-04T20:45:00+02:00
545;Demanda programada;Península;32223;2026-07-04T20:50:00+02:00
545;Demanda programada;Península;32223;2026-07-04T20:55:00+02:00
545;Demanda programada;Península;32597;2026-07-04T21:00:00+02:00
545;Demanda programada;Península;32597;2026-07-04T21:05:00+02:00
545;Demanda programada;Península;32597;2026-07-04T21:10:00+02:00
545;Demanda programada;Península;32581;2026-07-04T21:15:00+02:00
545;Demanda programada;Península;32581;2026-07-04T21:20:00+02:00
545;Demanda programada;Península;32581;2026-07-04T21:25:00+02:00
545;Demanda programada;Península;32487;2026-07-04T21:30:00+02:00
545;Demanda programada;Península;32487;2026-07-04T21:35:00+02:00
545;Demanda programada;Península;32487;2026-07-04T21:40:00+02:00
545;Demanda programada;Península;32359;2026-07-04T21:45:00+02:00
545;Demanda programada;Península;32359;2026-07-04T21:50:00+02:00
545;Demanda programada;Península;32359;2026-07-04T21:55:00+02:00
545;Demanda programada;Península;32242;2026-07-04T22:00:00+02:00
545;Demanda programada;Península;32242;2026-07-04T22:05:00+02:00
545;Demanda programada;Península;32242;2026-07-04T22:10:00+02:00
545;Demanda programada;Península;32141;2026-07-04T22:15:00+02:00
545;Demanda programada;Península;32141;2026-07-04T22:20:00+02:00
545;Demanda programada;Península;32141;2026-07-04T22:25:00+02:00
545;Demanda programada;Península;31800;2026-07-04T22:30:00+02:00
545;Demanda programada;Península;31800;2026-07-04T22:35:00+02:00
545;Demanda programada;Península;31800;2026-07-04T22:40:00+02:00
545;Demanda programada;Península;31214;2026-07-04T22:45:00+02:00
545;Demanda programada;Península;31214;2026-07-04T22:50:00+02:00
545;Demanda programada;Península;31214;2026-07-04T22:55:00+02:00
545;Demanda programada;Península;30573;2026-07-04T23:00:00+02:00
545;Demanda programada;Península;30573;2026-07-04T23:05:00+02:00
545;Demanda programada;Península;30573;2026-07-04T23:10:00+02:00
545;Demanda programada;Península;30189;2026-07-04T23:15:00+02:00
545;Demanda programada;Península;30189;2026-07-04T23:20:00+02:00
545;Demanda programada;Península;30189;2026-07-04T23:25:00+02:00
545;Demanda programada;Península;29741;2026-07-04T23:30:00+02:00
545;Demanda programada;Península;29741;2026-07-04T23:35:00+02:00
545;Demanda programada;Península;29741;2026-07-04T23:40:00+02:00
545;Demanda programada;Península;29154;2026-07-04T23:45:00+02:00
545;Demanda programada;Península;29154;2026-07-04T23:50:00+02:00
545;Demanda programada;Península;29154;2026-07-04T23:55:00+02:00
545;Demanda programada;Península;28716;2026-07-05T00:00:00+02:00
545;Demanda programada;Península;28716;2026-07-05T00:05:00+02:00
545;Demanda programada;Península;28716;2026-07-05T00:10:00+02:00
545;Demanda programada;Península;28172;2026-07-05T00:15:00+02:00
545;Demanda programada;Península;28172;2026-07-05T00:20:00+02:00
545;Demanda programada;Península;28172;2026-07-05T00:25:00+02:00
545;Demanda programada;Península;27817;2026-07-05T00:30:00+02:00
545;Demanda programada;Península;27817;2026-07-05T00:35:00+02:00
545;Demanda programada;Península;27817;2026-07-05T00:40:00+02:00
545;Demanda programada;Península;27429;2026-07-05T00:45:00+02:00
545;Demanda programada;Península;27429;2026-07-05T00:50:00+02:00
545;Demanda programada;Península;27429;2026-07-05T00:55:00+02:00
545;Demanda programada;Península;26978;2026-07-05T01:00:00+02:00
545;Demanda programada;Península;26978;2026-07-05T01:05:00+02:00
545;Demanda programada;Península;26978;2026-07-05T01:10:00+02:00
545;Demanda programada;Península;26686;2026-07-05T01:15:00+02:00
545;Demanda programada;Península;26686;2026-07-05T01:20:00+02:00
545;Demanda programada;Península;26686;2026-07-05T01:25:00+02:00
545;Demanda programada;Península;26355;2026-07-05T01:30:00+02:00
545;Demanda programada;Península;26355;2026-07-05T01:35:00+02:00
545;Demanda programada;Península;26355;2026-07-05T01:40:00+02:00
545;Demanda programada;Península;26053;2026-07-05T01:45:00+02:00
545;Demanda programada;Península;26053;2026-07-05T01:50:00+02:00
545;Demanda programada;Península;26053;2026-07-05T01:55:00+02:00
545;Demanda programada;Península;25473;2026-07-05T02:00:00+02:00
545;Demanda programada;Península;25473;2026-07-05T02:05:00+02:00
545;Demanda programada;Península;25473;2026-07-05T02:10:00+02:00
545;Demanda programada;Península;25071;2026-07-05T02:15:00+02:00
545;Demanda programada;Península;25071;2026-07-05T02:20:00+02:00
545;Demanda programada;Península;25071;2026-07-05T02:25:00+02:00
545;Demanda programada;Península;24778;2026-07-05T02:30:00+02:00
545;Demanda programada;Península;24778;2026-07-05T02:35:00+02:00
545;Demanda programada;Península;24778;2026-07-05T02:40:00+02:00
545;Demanda programada;Península;24514;2026-07-05T02:45:00+02:00
545;Demanda programada;Península;24514;2026-07-05T02:50:00+02:00
545;Demanda programada;Península;24514;2026-07-05T02:55:00+02:00
1941;Demanda Programada Total Peninsular;Península;35492;2026-07-03T21:00:00+02:00
1941;Demanda Programada Total Peninsular;Península;35492;2026-07-03T21:05:00+02:00
1941;Demanda Programada Total Peninsular;Península;35492;2026-07-03T21:10:00+02:00
1941;Demanda Programada Total Peninsular;Península;35200;2026-07-03T21:15:00+02:00
1941;Demanda Programada Total Peninsular;Península;35200;2026-07-03T21:20:00+02:00
1941;Demanda Programada Total Peninsular;Península;35200;2026-07-03T21:25:00+02:00
1941;Demanda Programada Total Peninsular;Península;34908;2026-07-03T21:30:00+02:00
1941;Demanda Programada Total Peninsular;Península;34908;2026-07-03T21:35:00+02:00
1941;Demanda Programada Total Peninsular;Península;34908;2026-07-03T21:40:00+02:00
1941;Demanda Programada Total Peninsular;Península;34436;2026-07-03T21:45:00+02:00
1941;Demanda Programada Total Peninsular;Península;34436;2026-07-03T21:50:00+02:00
1941;Demanda Programada Total Peninsular;Península;34436;2026-07-03T21:55:00+02:00
1941;Demanda Programada Total Peninsular;Península;34452;2026-07-03T22:00:00+02:00
1941;Demanda Programada Total Peninsular;Península;34452;2026-07-03T22:05:00+02:00
1941;Demanda Programada Total Peninsular;Península;34452;2026-07-03T22:10:00+02:00
1941;Demanda Programada Total Peninsular;Península;33748;2026-07-03T22:15:00+02:00
1941;Demanda Programada Total Peninsular;Península;33748;2026-07-03T22:20:00+02:00
1941;Demanda Programada Total Peninsular;Península;33748;2026-07-03T22:25:00+02:00
1941;Demanda Programada Total Peninsular;Península;33005;2026-07-03T22:30:00+02:00
1941;Demanda Programada Total Peninsular;Península;33005;2026-07-03T22:35:00+02:00
1941;Demanda Programada Total Peninsular;Península;33005;2026-07-03T22:40:00+02:00
1941;Demanda Programada Total Peninsular;Península;32405;2026-07-03T22:45:00+02:00
1941;Demanda Programada Total Peninsular;Península;32405;2026-07-03T22:50:00+02:00
1941;Demanda Programada Total Peninsular;Península;32405;2026-07-03T22:55:00+02:00
1941;Demanda Programada Total Peninsular;Península;31841;2026-07-03T23:00:00+02:00
1941;Demanda Programada Total Peninsular;Península;31841;2026-07-03T23:05:00+02:00
1941;Demanda Programada Total Peninsular;Península;31841;2026-07-03T23:10:00+02:00
1941;Demanda Programada Total Peninsular;Península;31103;2026-07-03T23:15:00+02:00
1941;Demanda Programada Total Peninsular;Península;31103;2026-07-03T23:20:00+02:00
1941;Demanda Programada Total Peninsular;Península;31103;2026-07-03T23:25:00+02:00
1941;Demanda Programada Total Peninsular;Península;30353;2026-07-03T23:30:00+02:00
1941;Demanda Programada Total Peninsular;Península;30353;2026-07-03T23:35:00+02:00
1941;Demanda Programada Total Peninsular;Península;30353;2026-07-03T23:40:00+02:00
1941;Demanda Programada Total Peninsular;Península;29901;2026-07-03T23:45:00+02:00
1941;Demanda Programada Total Peninsular;Península;29901;2026-07-03T23:50:00+02:00
1941;Demanda Programada Total Peninsular;Península;29901;2026-07-03T23:55:00+02:00
1941;Demanda Programada Total Peninsular;Península;29386;2026-07-04T00:00:00+02:00
1941;Demanda Programada Total Peninsular;Península;29386;2026-07-04T00:05:00+02:00
1941;Demanda Programada Total Peninsular;Península;29386;2026-07-04T00:10:00+02:00
1941;Demanda Programada Total Peninsular;Península;29638;2026-07-04T00:15:00+02:00
1941;Demanda Programada Total Peninsular;Península;29638;2026-07-04T00:20:00+02:00
1941;Demanda Programada Total Peninsular;Península;29638;2026-07-04T00:25:00+02:00
1941;Demanda Programada Total Peninsular;Península;29147;2026-07-04T00:30:00+02:00
1941;Demanda Programada Total Peninsular;Península;29147;2026-07-04T00:35:00+02:00
1941;Demanda Programada Total Peninsular;Península;29147;2026-07-04T00:40:00+02:00
1941;Demanda Programada Total Peninsular;Península;28559;2026-07-04T00:45:00+02:00
1941;Demanda Programada Total Peninsular;Península;28559;2026-07-04T00:50:00+02:00
1941;Demanda Programada Total Peninsular;Península;28559;2026-07-04T00:55:00+02:00
1941;Demanda Programada Total Peninsular;Península;28335;2026-07-04T01:00:00+02:00
1941;Demanda Programada Total Peninsular;Península;28335;2026-07-04T01:05:00+02:00
1941;Demanda Programada Total Peninsular;Península;28335;2026-07-04T01:10:00+02:00
1941;Demanda Programada Total Peninsular;Península;28007;2026-07-04T01:15:00+02:00
1941;Demanda Programada Total Peninsular;Península;28007;2026-07-04T01:20:00+02:00
1941;Demanda Programada Total Peninsular;Península;28007;2026-07-04T01:25:00+02:00
1941;Demanda Programada Total Peninsular;Península;27601;2026-07-04T01:30:00+02:00
1941;Demanda Programada Total Peninsular;Península;27601;2026-07-04T01:35:00+02:00
1941;Demanda Programada Total Peninsular;Península;27601;2026-07-04T01:40:00+02:00
1941;Demanda Programada Total Peninsular;Península;27100;2026-07-04T01:45:00+02:00
1941;Demanda Programada Total Peninsular;Península;27100;2026-07-04T01:50:00+02:00
1941;Demanda Programada Total Peninsular;Península;27100;2026-07-04T01:55:00+02:00
1941;Demanda Programada Total Peninsular;Península;26706;2026-07-04T02:00:00+02:00
1941;Demanda Programada Total Peninsular;Península;26706;2026-07-04T02:05:00+02:00
1941;Demanda Programada Total Peninsular;Península;26706;2026-07-04T02:10:00+02:00
1941;Demanda Programada Total Peninsular;Península;26452;2026-07-04T02:15:00+02:00
1941;Demanda Programada Total Peninsular;Península;26452;2026-07-04T02:20:00+02:00
1941;Demanda Programada Total Peninsular;Península;26452;2026-07-04T02:25:00+02:00
1941;Demanda Programada Total Peninsular;Península;26305;2026-07-04T02:30:00+02:00
1941;Demanda Programada Total Peninsular;Península;26305;2026-07-04T02:35:00+02:00
1941;Demanda Programada Total Peninsular;Península;26305;2026-07-04T02:40:00+02:00
1941;Demanda Programada Total Peninsular;Península;26201;2026-07-04T02:45:00+02:00
1941;Demanda Programada Total Peninsular;Península;26201;2026-07-04T02:50:00+02:00
1941;Demanda Programada Total Peninsular;Península;26201;2026-07-04T02:55:00+02:00
1941;Demanda Programada Total Peninsular;Península;25910;2026-07-04T03:00:00+02:00
1941;Demanda Programada Total Peninsular;Península;25910;2026-07-04T03:05:00+02:00
1941;Demanda Programada Total Peninsular;Península;25910;2026-07-04T03:10:00+02:00
1941;Demanda Programada Total Peninsular;Península;25500;2026-07-04T03:15:00+02:00
1941;Demanda Programada Total Peninsular;Península;25500;2026-07-04T03:20:00+02:00
1941;Demanda Programada Total Peninsular;Península;25500;2026-07-04T03:25:00+02:00
1941;Demanda Programada Total Peninsular;Península;25173;2026-07-04T03:30:00+02:00
1941;Demanda Programada Total Peninsular;Península;25173;2026-07-04T03:35:00+02:00
1941;Demanda Programada Total Peninsular;Península;25173;2026-07-04T03:40:00+02:00
1941;Demanda Programada Total Peninsular;Península;24940;2026-07-04T03:45:00+02:00
1941;Demanda Programada Total Peninsular;Península;24940;2026-07-04T03:50:00+02:00
1941;Demanda Programada Total Peninsular;Península;24940;2026-07-04T03:55:00+02:00
1941;Demanda Programada Total Peninsular;Península;24709;2026-07-04T04:00:00+02:00
1941;Demanda Programada Total Peninsular;Península;24709;2026-07-04T04:05:00+02:00
1941;Demanda Programada Total Peninsular;Península;24709;2026-07-04T04:10:00+02:00
1941;Demanda Programada Total Peninsular;Península;24604;2026-07-04T04:15:00+02:00
1941;Demanda Programada Total Peninsular;Península;24604;2026-07-04T04:20:00+02:00
1941;Demanda Programada Total Peninsular;Península;24604;2026-07-04T04:25:00+02:00
1941;Demanda Programada Total Peninsular;Península;24607;2026-07-04T04:30:00+02:00
1941;Demanda Programada Total Peninsular;Península;24607;2026-07-04T04:35:00+02:00
1941;Demanda Programada Total Peninsular;Península;24607;2026-07-04T04:40:00+02:00
1941;Demanda Programada Total Peninsular;Península;24509;2026-07-04T04:45:00+02:00
1941;Demanda Programada Total Peninsular;Península;24509;2026-07-04T04:50:00+02:00
1941;Demanda Programada Total Peninsular;Península;24509;2026-07-04T04:55:00+02:00
1941;Demanda Programada Total Peninsular;Península;24137;2026-07-04T05:00:00+02:00
1941;Demanda Programada Total Peninsular;Península;24137;2026-07-04T05:05:00+02:00
1941;Demanda Programada Total Peninsular;Península;24137;2026-07-04T05:10:00+02:00
1941;Demanda Programada Total Peninsular;Península;24242;2026-07-04T05:15:00+02:00
1941;Demanda Programada Total Peninsular;Península;24242;2026-07-04T05:20:00+02:00
1941;Demanda Programada Total Peninsular;Península;24242;2026-07-04T05:25:00+02:00
1941;Demanda Programada Total Peninsular;Península;24198;2026-07-04T05:30:00+02:00
1941;Demanda Programada Total Peninsular;Península;24198;2026-07-04T05:35:00+02:00
1941;Demanda Programada Total Peninsular;Península;24198;2026-07-04T05:40:00+02:00
1941;Demanda Programada Total Peninsular;Península;24247;2026-07-04T05:45:00+02:00
1941;Demanda Programada Total Peninsular;Península;24247;2026-07-04T05:50:00+02:00
1941;Demanda Programada Total Peninsular;Península;24247;2026-07-04T05:55:00+02:00
1941;Demanda Programada Total Peninsular;Península;24230;2026-07-04T06:00:00+02:00
1941;Demanda Programada Total Peninsular;Península;24230;2026-07-04T06:05:00+02:00
1941;Demanda Programada Total Peninsular;Península;24230;2026-07-04T06:10:00+02:00
1941;Demanda Programada Total Peninsular;Península;24501;2026-07-04T06:15:00+02:00
1941;Demanda Programada Total Peninsular;Península;24501;2026-07-04T06:20:00+02:00
1941;Demanda Programada Total Peninsular;Península;24501;2026-07-04T06:25:00+02:00
1941;Demanda Programada Total Peninsular;Península;24510;2026-07-04T06:30:00+02:00
1941;Demanda Programada Total Peninsular;Península;24510;2026-07-04T06:35:00+02:00
1941;Demanda Programada Total Peninsular;Península;24510;2026-07-04T06:40:00+02:00
1941;Demanda Programada Total Peninsular;Península;24503;2026-07-04T06:45:00+02:00
1941;Demanda Programada Total Peninsular;Península;24503;2026-07-04T06:50:00+02:00
1941;Demanda Programada Total Peninsular;Península;24503;2026-07-04T06:55:00+02:00
1941;Demanda Programada Total Peninsular;Península;24503;2026-07-04T07:00:00+02:00
1941;Demanda Programada Total Peninsular;Península;24503;2026-07-04T07:05:00+02:00
1941;Demanda Programada Total Peninsular;Península;24503;2026-07-04T07:10:00+02:00
1941;Demanda Programada Total Peninsular;Península;24896;2026-07-04T07:15:00+02:00
1941;Demanda Programada Total Peninsular;Península;24896;2026-07-04T07:20:00+02:00
1941;Demanda Programada Total Peninsular;Península;24896;2026-07-04T07:25:00+02:00
1941;Demanda Programada Total Peninsular;Península;25280;2026-07-04T07:30:00+02:00
1941;Demanda Programada Total Peninsular;Península;25280;2026-07-04T07:35:00+02:00
1941;Demanda Programada Total Peninsular;Península;25280;2026-07-04T07:40:00+02:00
1941;Demanda Programada Total Peninsular;Península;25635;2026-07-04T07:45:00+02:00
1941;Demanda Programada Total Peninsular;Península;25635;2026-07-04T07:50:00+02:00
1941;Demanda Programada Total Peninsular;Península;25635;2026-07-04T07:55:00+02:00
1941;Demanda Programada Total Peninsular;Península;26800;2026-07-04T08:00:00+02:00
1941;Demanda Programada Total Peninsular;Península;26800;2026-07-04T08:05:00+02:00
1941;Demanda Programada Total Peninsular;Península;26800;2026-07-04T08:10:00+02:00
1941;Demanda Programada Total Peninsular;Península;27460;2026-07-04T08:15:00+02:00
1941;Demanda Programada Total Peninsular;Península;27460;2026-07-04T08:20:00+02:00
1941;Demanda Programada Total Peninsular;Península;27460;2026-07-04T08:25:00+02:00
1941;Demanda Programada Total Peninsular;Península;28197;2026-07-04T08:30:00+02:00
1941;Demanda Programada Total Peninsular;Península;28197;2026-07-04T08:35:00+02:00
1941;Demanda Programada Total Peninsular;Península;28197;2026-07-04T08:40:00+02:00
1941;Demanda Programada Total Peninsular;Península;28898;2026-07-04T08:45:00+02:00
1941;Demanda Programada Total Peninsular;Península;28898;2026-07-04T08:50:00+02:00
1941;Demanda Programada Total Peninsular;Península;28898;2026-07-04T08:55:00+02:00
1941;Demanda Programada Total Peninsular;Península;29559;2026-07-04T09:00:00+02:00
1941;Demanda Programada Total Peninsular;Península;29559;2026-07-04T09:05:00+02:00
1941;Demanda Programada Total Peninsular;Península;29559;2026-07-04T09:10:00+02:00
1941;Demanda Programada Total Peninsular;Península;30498;2026-07-04T09:15:00+02:00
1941;Demanda Programada Total Peninsular;Península;30498;2026-07-04T09:20:00+02:00
1941;Demanda Programada Total Peninsular;Península;30498;2026-07-04T09:25:00+02:00
1941;Demanda Programada Total Peninsular;Península;30895;2026-07-04T09:30:00+02:00
1941;Demanda Programada Total Peninsular;Península;30895;2026-07-04T09:35:00+02:00
1941;Demanda Programada Total Peninsular;Península;30895;2026-07-04T09:40:00+02:00
1941;Demanda Programada Total Peninsular;Península;31494;2026-07-04T09:45:00+02:00
1941;Demanda Programada Total Peninsular;Península;31494;2026-07-04T09:50:00+02:00
1941;Demanda Programada Total Peninsular;Península;31494;2026-07-04T09:55:00+02:00
1941;Demanda Programada Total Peninsular;Península;31880;2026-07-04T10:00:00+02:00
1941;Demanda Programada Total Peninsular;Península;31880;2026-07-04T10:05:00+02:00
1941;Demanda Programada Total Peninsular;Península;31880;2026-07-04T10:10:00+02:00
1941;Demanda Programada Total Peninsular;Península;31968;2026-07-04T10:15:00+02:00
1941;Demanda Programada Total Peninsular;Península;31968;2026-07-04T10:20:00+02:00
1941;Demanda Programada Total Peninsular;Península;31968;2026-07-04T10:25:00+02:00
1941;Demanda Programada Total Peninsular;Península;32498;2026-07-04T10:30:00+02:00
1941;Demanda Programada Total Peninsular;Península;32498;2026-07-04T10:35:00+02:00
1941;Demanda Programada Total Peninsular;Península;32498;2026-07-04T10:40:00+02:00
1941;Demanda Programada Total Peninsular;Península;32493;2026-07-04T10:45:00+02:00
1941;Demanda Programada Total Peninsular;Península;32493;2026-07-04T10:50:00+02:00
1941;Demanda Programada Total Peninsular;Península;32493;2026-07-04T10:55:00+02:00
1941;Demanda Programada Total Peninsular;Península;32447;2026-07-04T11:00:00+02:00
1941;Demanda Programada Total Peninsular;Península;32447;2026-07-04T11:05:00+02:00
1941;Demanda Programada Total Peninsular;Península;32447;2026-07-04T11:10:00+02:00
1941;Demanda Programada Total Peninsular;Península;32391;2026-07-04T11:15:00+02:00
1941;Demanda Programada Total Peninsular;Península;32391;2026-07-04T11:20:00+02:00
1941;Demanda Programada Total Peninsular;Península;32391;2026-07-04T11:25:00+02:00
1941;Demanda Programada Total Peninsular;Península;32660;2026-07-04T11:30:00+02:00
1941;Demanda Programada Total Peninsular;Península;32660;2026-07-04T11:35:00+02:00
1941;Demanda Programada Total Peninsular;Península;32660;2026-07-04T11:40:00+02:00
1941;Demanda Programada Total Peninsular;Península;32794;2026-07-04T11:45:00+02:00
1941;Demanda Programada Total Peninsular;Península;32794;2026-07-04T11:50:00+02:00
1941;Demanda Programada Total Peninsular;Península;32794;2026-07-04T11:55:00+02:00
1941;Demanda Programada Total Peninsular;Península;32894;2026-07-04T12:00:00+02:00
1941;Demanda Programada Total Peninsular;Península;32894;2026-07-04T12:05:00+02:00
1941;Demanda Programada Total Peninsular;Península;32894;2026-07-04T12:10:00+02:00
1941;Demanda Programada Total Peninsular;Península;33299;2026-07-04T12:15:00+02:00
1941;Demanda Programada Total Peninsular;Península;33299;2026-07-04T12:20:00+02:00
1941;Demanda Programada Total Peninsular;Península;33299;2026-07-04T12:25:00+02:00
1941;Demanda Programada Total Peninsular;Península;33395;2026-07-04T12:30:00+02:00
1941;Demanda Programada Total Peninsular;Península;33395;2026-07-04T12:35:00+02:00
1941;Demanda Programada Total Peninsular;Península;33395;2026-07-04T12:40:00+02:00
1941;Demanda Programada Total Peninsular;Península;33486;2026-07-04T12:45:00+02:00
1941;Demanda Programada Total Peninsular;Península;33486;2026-07-04T12:50:00+02:00
1941;Demanda Programada Total Peninsular;Península;33486;2026-07-04T12:55:00+02:00
1941;Demanda Programada Total Peninsular;Península;33685;2026-07-04T13:00:00+02:00
1941;Demanda Programada Total Peninsular;Península;33685;2026-07-04T13:05:00+02:00
1941;Demanda Programada Total Peninsular;Península;33685;2026-07-04T13:10:00+02:00
1941;Demanda Programada Total Peninsular;Península;33991;2026-07-04T13:15:00+02:00
1941;Demanda Programada Total Peninsular;Península;33991;2026-07-04T13:20:00+02:00
1941;Demanda Programada Total Peninsular;Península;33991;2026-07-04T13:25:00+02:00
1941;Demanda Programada Total Peninsular;Península;34093;2026-07-04T13:30:00+02:00
1941;Demanda Programada Total Peninsular;Península;34093;2026-07-04T13:35:00+02:00
1941;Demanda Programada Total Peninsular;Península;34093;2026-07-04T13:40:00+02:00
1941;Demanda Programada Total Peninsular;Península;34249;2026-07-04T13:45:00+02:00
1941;Demanda Programada Total Peninsular;Península;34249;2026-07-04T13:50:00+02:00
1941;Demanda Programada Total Peninsular;Península;34249;2026-07-04T13:55:00+02:00
1941;Demanda Programada Total Peninsular;Península;34272;2026-07-04T14:00:00+02:00
1941;Demanda Programada Total Peninsular;Península;34272;2026-07-04T14:05:00+02:00
1941;Demanda Programada Total Peninsular;Península;34272;2026-07-04T14:10:00+02:00
1941;Demanda Programada Total Peninsular;Península;34397;2026-07-04T14:15:00+02:00
1941;Demanda Programada Total Peninsular;Península;34397;2026-07-04T14:20:00+02:00
1941;Demanda Programada Total Peninsular;Península;34397;2026-07-04T14:25:00+02:00
1941;Demanda Programada Total Peninsular;Península;34493;2026-07-04T14:30:00+02:00
1941;Demanda Programada Total Peninsular;Península;34493;2026-07-04T14:35:00+02:00
1941;Demanda Programada Total Peninsular;Península;34493;2026-07-04T14:40:00+02:00
1941;Demanda Programada Total Peninsular;Península;34296;2026-07-04T14:45:00+02:00
1941;Demanda Programada Total Peninsular;Península;34296;2026-07-04T14:50:00+02:00
1941;Demanda Programada Total Peninsular;Península;34296;2026-07-04T14:55:00+02:00
1941;Demanda Programada Total Peninsular;Península;33979;2026-07-04T15:00:00+02:00
1941;Demanda Programada Total Peninsular;Península;33979;2026-07-04T15:05:00+02:00
1941;Demanda Programada Total Peninsular;Península;33979;2026-07-04T15:10:00+02:00
1941;Demanda Programada Total Peninsular;Península;33695;2026-07-04T15:15:00+02:00
1941;Demanda Programada Total Peninsular;Península;33695;2026-07-04T15:20:00+02:00
1941;Demanda Programada Total Peninsular;Península;33695;2026-07-04T15:25:00+02:00
1941;Demanda Programada Total Peninsular;Península;33596;2026-07-04T15:30:00+02:00
1941;Demanda Programada Total Peninsular;Península;33596;2026-07-04T15:35:00+02:00
1941;Demanda Programada Total Peninsular;Península;33596;2026-07-04T15:40:00+02:00
1941;Demanda Programada Total Peninsular;Península;33494;2026-07-04T15:45:00+02:00
1941;Demanda Programada Total Peninsular;Península;33494;2026-07-04T15:50:00+02:00
1941;Demanda Programada Total Peninsular;Península;33494;2026-07-04T15:55:00+02:00
1941;Demanda Programada Total Peninsular;Península;33494;2026-07-04T16:00:00+02:00
1941;Demanda Programada Total Peninsular;Península;33494;2026-07-04T16:05:00+02:00
1941;Demanda Programada Total Peninsular;Península;33494;2026-07-04T16:10:00+02:00
1941;Demanda Programada Total Peninsular;Península;33498;2026-07-04T16:15:00+02:00
1941;Demanda Programada Total Peninsular;Península;33498;2026-07-04T16:20:00+02:00
1941;Demanda Programada Total Peninsular;Península;33498;2026-07-04T16:25:00+02:00
1941;Demanda Programada Total Peninsular;Península;33484;2026-07-04T16:30:00+02:00
1941;Demanda Programada Total Peninsular;Península;33484;2026-07-04T16:35:00+02:00
1941;Demanda Programada Total Peninsular;Península;33484;2026-07-04T16:40:00+02:00
1941;Demanda Programada Total Peninsular;Península;33581;2026-07-04T16:45:00+02:00
1941;Demanda Programada Total Peninsular;Península;33581;2026-07-04T16:50:00+02:00
1941;Demanda Programada Total Peninsular;Península;33581;2026-07-04T16:55:00+02:00
1941;Demanda Programada Total Peninsular;Península;33591;2026-07-04T17:00:00+02:00
1941;Demanda Programada Total Peninsular;Península;33591;2026-07-04T17:05:00+02:00
1941;Demanda Programada Total Peninsular;Península;33591;2026-07-04T17:10:00+02:00
1941;Demanda Programada Total Peninsular;Península;33702;2026-07-04T17:15:00+02:00
1941;Demanda Programada Total Peninsular;Península;33702;2026-07-04T17:20:00+02:00
1941;Demanda Programada Total Peninsular;Península;33702;2026-07-04T17:25:00+02:00
1941;Demanda Programada Total Peninsular;Península;33796;2026-07-04T17:30:00+02:00
1941;Demanda Programada Total Peninsular;Península;33796;2026-07-04T17:35:00+02:00
1941;Demanda Programada Total Peninsular;Península;33796;2026-07-04T17:40:00+02:00
1941;Demanda Programada Total Peninsular;Península;33899;2026-07-04T17:45:00+02:00
1941;Demanda Programada Total Peninsular;Península;33899;2026-07-04T17:50:00+02:00
1941;Demanda Programada Total Peninsular;Península;33899;2026-07-04T17:55:00+02:00
1941;Demanda Programada Total Peninsular;Península;34123;2026-07-04T18:00:00+02:00
1941;Demanda Programada Total Peninsular;Península;34123;2026-07-04T18:05:00+02:00
1941;Demanda Programada Total Peninsular;Península;34123;2026-07-04T18:10:00+02:00
1941;Demanda Programada Total Peninsular;Península;34348;2026-07-04T18:15:00+02:00
1941;Demanda Programada Total Peninsular;Península;34348;2026-07-04T18:20:00+02:00
1941;Demanda Programada Total Peninsular;Península;34348;2026-07-04T18:25:00+02:00
1941;Demanda Programada Total Peninsular;Península;34670;2026-07-04T18:30:00+02:00
1941;Demanda Programada Total Peninsular;Península;34670;2026-07-04T18:35:00+02:00
1941;Demanda Programada Total Peninsular;Península;34670;2026-07-04T18:40:00+02:00
1941;Demanda Programada Total Peninsular;Península;34476;2026-07-04T18:45:00+02:00
1941;Demanda Programada Total Peninsular;Península;34476;2026-07-04T18:50:00+02:00
1941;Demanda Programada Total Peninsular;Península;34476;2026-07-04T18:55:00+02:00
1941;Demanda Programada Total Peninsular;Península;34923;2026-07-04T19:00:00+02:00
1941;Demanda Programada Total Peninsular;Península;34923;2026-07-04T19:05:00+02:00
1941;Demanda Programada Total Peninsular;Península;34923;2026-07-04T19:10:00+02:00
1941;Demanda Programada Total Peninsular;Península;35006;2026-07-04T19:15:00+02:00
1941;Demanda Programada Total Peninsular;Península;35006;2026-07-04T19:20:00+02:00
1941;Demanda Programada Total Peninsular;Península;35006;2026-07-04T19:25:00+02:00
1941;Demanda Programada Total Peninsular;Península;35114;2026-07-04T19:30:00+02:00
1941;Demanda Programada Total Peninsular;Península;35114;2026-07-04T19:35:00+02:00
1941;Demanda Programada Total Peninsular;Península;35114;2026-07-04T19:40:00+02:00
1941;Demanda Programada Total Peninsular;Península;35003;2026-07-04T19:45:00+02:00
1941;Demanda Programada Total Peninsular;Península;35003;2026-07-04T19:50:00+02:00
1941;Demanda Programada Total Peninsular;Península;35003;2026-07-04T19:55:00+02:00
1941;Demanda Programada Total Peninsular;Península;33326;2026-07-04T20:00:00+02:00
1941;Demanda Programada Total Peninsular;Península;33326;2026-07-04T20:05:00+02:00
1941;Demanda Programada Total Peninsular;Península;33326;2026-07-04T20:10:00+02:00
1941;Demanda Programada Total Peninsular;Península;33809;2026-07-04T20:15:00+02:00
1941;Demanda Programada Total Peninsular;Península;33809;2026-07-04T20:20:00+02:00
1941;Demanda Programada Total Peninsular;Península;33809;2026-07-04T20:25:00+02:00
1941;Demanda Programada Total Peninsular;Península;33388;2026-07-04T20:30:00+02:00
1941;Demanda Programada Total Peninsular;Península;33388;2026-07-04T20:35:00+02:00
1941;Demanda Programada Total Peninsular;Península;33388;2026-07-04T20:40:00+02:00
1941;Demanda Programada Total Peninsular;Península;33151;2026-07-04T20:45:00+02:00
1941;Demanda Programada Total Peninsular;Península;33151;2026-07-04T20:50:00+02:00
1941;Demanda Programada Total Peninsular;Península;33151;2026-07-04T20:55:00+02:00
1941;Demanda Programada Total Peninsular;Península;33172;2026-07-04T21:00:00+02:00
1941;Demanda Programada Total Peninsular;Península;33172;2026-07-04T21:05:00+02:00
1941;Demanda Programada Total Peninsular;Península;33172;2026-07-04T21:10:00+02:00
1941;Demanda Programada Total Peninsular;Península;32880;2026-07-04T21:15:00+02:00
1941;Demanda Programada Total Peninsular;Península;32880;2026-07-04T21:20:00+02:00
1941;Demanda Programada Total Peninsular;Península;32880;2026-07-04T21:25:00+02:00
1941;Demanda Programada Total Peninsular;Península;32614;2026-07-04T21:30:00+02:00
1941;Demanda Programada Total Peninsular;Península;32614;2026-07-04T21:35:00+02:00
1941;Demanda Programada Total Peninsular;Península;32614;2026-07-04T21:40:00+02:00
1941;Demanda Programada Total Peninsular;Península;32397;2026-07-04T21:45:00+02:00
1941;Demanda Programada Total Peninsular;Península;32397;2026-07-04T21:50:00+02:00
1941;Demanda Programada Total Peninsular;Península;32397;2026-07-04T21:55:00+02:00
1941;Demanda Programada Total Peninsular;Península;32243;2026-07-04T22:00:00+02:00
1941;Demanda Programada Total Peninsular;Península;32243;2026-07-04T22:05:00+02:00
1941;Demanda Programada Total Peninsular;Península;32243;2026-07-04T22:10:00+02:00
1941;Demanda Programada Total Peninsular;Península;32141;2026-07-04T22:15:00+02:00
1941;Demanda Programada Total Peninsular;Península;32141;2026-07-04T22:20:00+02:00
1941;Demanda Programada Total Peninsular;Península;32141;2026-07-04T22:25:00+02:00
1941;Demanda Programada Total Peninsular;Península;31800;2026-07-04T22:30:00+02:00
1941;Demanda Programada Total Peninsular;Península;31800;2026-07-04T22:35:00+02:00
1941;Demanda Programada Total Peninsular;Península;31800;2026-07-04T22:40:00+02:00
1941;Demanda Programada Total Peninsular;Península;31214;2026-07-04T22:45:00+02:00
1941;Demanda Programada Total Peninsular;Península;31214;2026-07-04T22:50:00+02:00
1941;Demanda Programada Total Peninsular;Península;31214;2026-07-04T22:55:00+02:00
1941;Demanda Programada Total Peninsular;Península;30573;2026-07-04T23:00:00+02:00
1941;Demanda Programada Total Peninsular;Península;30573;2026-07-04T23:05:00+02:00
1941;Demanda Programada Total Peninsular;Península;30573;2026-07-04T23:10:00+02:00
1941;Demanda Programada Total Peninsular;Península;30189;2026-07-04T23:15:00+02:00
1941;Demanda Programada Total Peninsular;Península;30189;2026-07-04T23:20:00+02:00
1941;Demanda Programada Total Peninsular;Península;30189;2026-07-04T23:25:00+02:00
1941;Demanda Programada Total Peninsular;Península;29741;2026-07-04T23:30:00+02:00
1941;Demanda Programada Total Peninsular;Península;29741;2026-07-04T23:35:00+02:00
1941;Demanda Programada Total Peninsular;Península;29741;2026-07-04T23:40:00+02:00
1941;Demanda Programada Total Peninsular;Península;29154;2026-07-04T23:45:00+02:00
1941;Demanda Programada Total Peninsular;Península;29154;2026-07-04T23:50:00+02:00
1941;Demanda Programada Total Peninsular;Península;29154;2026-07-04T23:55:00+02:00
1941;Demanda Programada Total Peninsular;Península;28716;2026-07-05T00:00:00+02:00
1941;Demanda Programada Total Peninsular;Península;28716;2026-07-05T00:05:00+02:00
1941;Demanda Programada Total Peninsular;Península;28716;2026-07-05T00:10:00+02:00
1941;Demanda Programada Total Peninsular;Península;28172;2026-07-05T00:15:00+02:00
1941;Demanda Programada Total Peninsular;Península;28172;2026-07-05T00:20:00+02:00
1941;Demanda Programada Total Peninsular;Península;28172;2026-07-05T00:25:00+02:00
1941;Demanda Programada Total Peninsular;Península;27817;2026-07-05T00:30:00+02:00
1941;Demanda Programada Total Peninsular;Península;27817;2026-07-05T00:35:00+02:00
1941;Demanda Programada Total Peninsular;Península;27817;2026-07-05T00:40:00+02:00
1941;Demanda Programada Total Peninsular;Península;27429;2026-07-05T00:45:00+02:00
1941;Demanda Programada Total Peninsular;Península;27429;2026-07-05T00:50:00+02:00
1941;Demanda Programada Total Peninsular;Península;27429;2026-07-05T00:55:00+02:00
1941;Demanda Programada Total Peninsular;Península;26978;2026-07-05T01:00:00+02:00
1941;Demanda Programada Total Peninsular;Península;26978;2026-07-05T01:05:00+02:00
1941;Demanda Programada Total Peninsular;Península;26978;2026-07-05T01:10:00+02:00
1941;Demanda Programada Total Peninsular;Península;26686;2026-07-05T01:15:00+02:00
1941;Demanda Programada Total Peninsular;Península;26686;2026-07-05T01:20:00+02:00
1941;Demanda Programada Total Peninsular;Península;26686;2026-07-05T01:25:00+02:00
1941;Demanda Programada Total Peninsular;Península;26355;2026-07-05T01:30:00+02:00
1941;Demanda Programada Total Peninsular;Península;26355;2026-07-05T01:35:00+02:00
1941;Demanda Programada Total Peninsular;Península;26355;2026-07-05T01:40:00+02:00
1941;Demanda Programada Total Peninsular;Península;26053;2026-07-05T01:45:00+02:00
1941;Demanda Programada Total Peninsular;Península;26053;2026-07-05T01:50:00+02:00
1941;Demanda Programada Total Peninsular;Península;26053;2026-07-05T01:55:00+02:00
1941;Demanda Programada Total Peninsular;Península;25473;2026-07-05T02:00:00+02:00
1941;Demanda Programada Total Peninsular;Península;25473;2026-07-05T02:05:00+02:00
1941;Demanda Programada Total Peninsular;Península;25473;2026-07-05T02:10:00+02:00
1941;Demanda Programada Total Peninsular;Península;25071;2026-07-05T02:15:00+02:00
1941;Demanda Programada Total Peninsular;Península;25071;2026-07-05T02:20:00+02:00
1941;Demanda Programada Total Peninsular;Península;25071;2026-07-05T02:25:00+02:00
1941;Demanda Programada Total Peninsular;Península;24778;2026-07-05T02:30:00+02:00
1941;Demanda Programada Total Peninsular;Península;24778;2026-07-05T02:35:00+02:00
1941;Demanda Programada Total Peninsular;Península;24778;2026-07-05T02:40:00+02:00
1941;Demanda Programada Total Peninsular;Península;24514;2026-07-05T02:45:00+02:00
1941;Demanda Programada Total Peninsular;Península;24514;2026-07-05T02:50:00+02:00
1941;Demanda Programada Total Peninsular;Península;24514;2026-07-05T02:55:00+02:00